uid,answer,question,subject,option1,option2,option3,option4,explanation,
0,Nori,"Among Thorin Oakenshield's company of Dwarves, which one is characterized by his love of mischief and has a reputation for being a thief in 'The Hobbit'?",Lord Of The Rings,Oin,Nori,Dori,Frodo's Phial of Galadriel,Nori is known for mischief and thieving.,
1,The Fall of the Witch-king,"In 'Lord of the Rings,' how does the Witch-king of Angmar meet his end during the Battle of the Pelennor Fields?",Lord Of The Rings,The Destruction of Isengard,The Siege of Minas Tirith,The Witch-king of Angmar,The Fall of the Witch-king marks his end.,,
2,Mount Doom,"In 'Lord of the Rings,' to which volcanic mountain does Frodo Baggins journey to destroy the One Ring?",Lord Of The Rings,Rivendell,Mordor,Minas Tirith,Hobbiton,Mount Doom is where Frodo journeys to destroy the One Ring.,
3,Frodo's Barrow-wight Encounter,"In 'Lord of the Rings,' what eerie and dangerous encounter do Frodo and his companions experience in the Barrow-downs, where they are captured by malevolent spirits and later rescued by Tom Bombadil?",Lord Of The Rings,The Battle of Azanulbizar,The Battle of Five Armies,The Great Smials,Frodo's Barrow-wight encounter is a perilous event.,,
4,Rivendell,"In 'Lord of the Rings,' what elven sanctuary serves as a refuge for the Fellowship of the Ring?",Lord Of The Rings,Rivendell,Hobbiton,Minas Tirith,Isengard,Rivendell is the elven sanctuary where the Fellowship finds refuge.,
5,The Fall of Sauron,"In 'Lord of the Rings,' what event marks the ultimate defeat of Sauron and the destruction of the One Ring, leading to the downfall of the Dark Lord and the end of the War of the Ring?",Lord Of The Rings,The Destruction of Isengard,The Siege of Minas Tirith,The Witch-king of Angmar,The Fall of Sauron marks his defeat.,,
6,The Scouring of the Shire,"In 'The Lord of the Rings,' what event involves the Hobbits returning to the Shire, only to discover that it has been taken over by ruffians and corrupted by the influence of Lotho Sackville-Baggins and Saruman?",Lord Of The Rings,The Scouring of the Shire,The Grey Havens,The Last of the Noldor,Elendil's Sword,'The Scouring of the Shire' is a pivotal event.,
7,The Destruction of the Ring,"In 'The Lord of the Rings,' what event marks the final and ultimate defeat of Sauron, as the One Ring is destroyed in the fires of Mount Doom by Frodo Baggins and the Ring's evil power is vanquished?",Lord Of The Rings,The Destruction of the Ring,The Return of the King,The Grey Havens,The Departure of Frodo,The 'Destruction of the Ring' is a climactic moment.,
8,The Haradrim,"In 'The Lord of the Rings,' what is the collective name for the people and warriors from the lands of Harad who ally with Sauron and take part in the conflict against Gondor and the Free Peoples of Middle-earth?",Lord Of The Rings,The Haradrim,Prince Imrahil,The Horn of Gondor,The Corsairs of Umbar,The Haradrim are significant adversaries.,
9,The Field of Cormallen,"In 'The Lord of the Rings,' what is the name of the location where the victorious Free Peoples of Middle-earth gather to celebrate their victory over Sauron and his forces following the Battle of the Morannon?",Lord Of The Rings,The Field of Cormallen,The Steward and the King,Many Partings,Homeward Bound,'The Field of Cormallen' is a joyful place.,
10,The Land of Shadow,"In 'The Lord of the Rings,' what is the name of the region in Mordor where Mount Doom is located, and it serves as the final destination of Frodo and Sam on their quest to destroy the One Ring?",Lord Of The Rings,The Land of Shadow,The Morgul Vale,The Tower of Cirith Ungol,The Field of Cormallen,The Land of Shadow is a pivotal location.,
11,The Red Arrow,"In 'The Lord of the Rings,' what is the name of the token that Denethor, the Steward of Gondor, receives from Boromir to request aid from Rohan in the form of reinforcements?",Lord Of The Rings,The Red Arrow,The Stone of Erech,The Dead Men of Dunharrow,The Black Serpent of Harad,'The Red Arrow' is a significant token.,
12,The Tower of Cirith Ungol,"In 'The Lord of the Rings,' what is the name of the tower located in Mordor, where Frodo and Sam are captured and Frodo is temporarily held captive before being rescued by Sam?",Lord Of The Rings,The Tower of Cirith Ungol,The Morgul Vale,The Land of Shadow,The Field of Cormallen,The Tower of Cirith Ungol is a perilous location.,
13,Isildur's Bane,"In 'The Lord of the Rings,' what term is used to refer to the One Ring, especially in the context of its corrupting influence and its ability to control those who possess it?",Lord Of The Rings,Isildur's Bane,Elendil's Sword,The Last Debate,The Field of Cormallen,'Isildur's Bane' is a significant concept.,
14,Many Partings,"In 'The Lord of the Rings,' which chapter focuses on the farewells and departures of various characters as they go their separate ways after the defeat of Sauron?",Lord Of The Rings,Many Partings,Homeward Bound,The Scouring of the Shire,The Grey Havens,'Many Partings' is a chapter of farewells.,
15,The Last of the Noldor,"In 'The Lord of the Rings,' which chapter is primarily about the departure of the Elves from Middle-earth, marking the end of their presence in the land?",Lord Of The Rings,The Last of the Noldor,Elendil's Sword,Isildur's Bane,The Last Debate,'The Last of the Noldor' is a significant chapter.,
16,Brandy Hall,"In 'The Lord of the Rings,' which location is known as the main residence of the Brandybuck family, one of the wealthiest and most influential families in the Shire?",Lord Of The Rings,Brandy Hall,The Old Forest,The Barrow-downs,The Bucklebury Ferry,Brandy Hall is a prominent location in the Shire.,
17,The Corsairs of Umbar,"In 'The Lord of the Rings,' who are the seafaring pirates and mariners from Umbar who serve as allies to Sauron and attack the city of Minas Tirith with their ships during the War of the Ring?",Lord Of The Rings,The Corsairs of Umbar,The Battle of the Pelennor Fields,The Corsair Ships,The Destruction of the Ring,The 'Corsairs of Umbar' are formidable foes.,
18,The Dead Men of Dunharrow,"In 'The Lord of the Rings,' who are the spectral and cursed warriors of the Oathbreakers who answer Aragorn's call for aid at the Stone of Erech?",Lord Of The Rings,The Dead Men of Dunharrow,The Black Serpent of Harad,The Haradrim,Prince Imrahil,'The Dead Men of Dunharrow' are essential to the story.,
19,The Battle of Bywater,"In which final conflict of the War of the Ring do Hobbits, led by Merry and Pippin, face and defeat the ruffians who have taken control of the Shire in 'Lord of the Rings'?",Lord Of The Rings,The Battle of the Pelennor Fields,The Battle of the Black Gate,The Battle of Bywater is the final conflict.,,,
20,The Council of Elrond,"In which gathering of Free Peoples of Middle-earth is the fate of the One Ring decided, leading to the formation of the Fellowship of the Ring in 'Lord of the Rings'?",Lord Of The Rings,Radagast's Brown Birds,Thrain's Map,The Council of Elrond,The Council of Elrond decides the Ring's fate.,,
21,The White Tree of Gondor,What ancient and revered symbol of Gondor is kept in the court of Minas Tirith and represents the line of kings in 'Lord of the Rings'?,Lord Of The Rings,Galadriel's Phial,The Mirror of Galadriel,The Palantir of Orthanc,The White Tree of Gondor,The White Tree symbolizes the line of kings in Gondor.,
22,Erebor,"What ancient Dwarf kingdom, also known as the Lonely Mountain, is home to a vast treasure and becomes the focus of the quest in 'The Hobbit'?",Lord Of The Rings,The Hobbit,Dale,Erebor,The Arkenstone,Erebor is the Lonely Mountain.,
23,Khazad-dûm,What ancient dwarven realm lies beneath the Misty Mountains and is known as the Mines of Moria in 'Lord of the Rings'?,Lord Of The Rings,Frodo's Mithril Shirt,Isengard,Rohan,Grey Havens,Khazad-dûm is the ancient dwarven realm beneath the Misty Mountains.,
24,Fangorn Forest,What ancient forest is the home of the Ents in 'Lord of the Rings'?,Lord Of The Rings,Rivendell,Mordor,Minas Tirith,Hobbiton,Fangorn Forest is the home of the Ents.,
25,The Scroll of Isildur,What ancient scroll contains the account of Isildur's defeat of Sauron and the loss of the One Ring in 'Lord of the Rings'?,Lord Of The Rings,Frodo's Cloak of Invisibility,Arwen's Evenstar Pendant,The Horn of Boromir,The Scroll of Isildur contains the account of Isildur's defeat of Sauron.,,
26,Radagast's Birds,What animals are used by Radagast the Brown to send messages and communicate with the creatures of Middle-earth in 'Lord of the Rings'?,Lord Of The Rings,Ulmo,Valinor,Radagast's Birds,The Prancing Pony Bard,Radagast uses birds to communicate.,
27,Thrain's Map,"What artifact, belonging to Thorin Oakenshield's father, provides crucial information about the Lonely Mountain and its secret entrance in 'The Hobbit'?",Lord Of The Rings,Radagast's Brown Birds,Thrain's Map,The Council of Elrond,Thrain's Map provides crucial information.,,
28,The Argonath,What awe-inspiring statues of Isildur and Anárion mark the entrance to Gondor in 'Lord of the Rings'?,Lord Of The Rings,The Argonath,The Battle of Helm's Deep,The Battle of Pelennor Fields,The Battle of the Black Gate,The Argonath statues mark the entrance to Gondor.,
29,Arwen's Evenstar Necklace,What beautiful and symbolic pendant does Aragorn give to Arwen as a token of his love in 'Lord of the Rings'?,Lord Of The Rings,Frodo's Cloak of Invisibility,Arwen's Evenstar Pendant,The Horn of Boromir,The Scroll of Isildur,Arwen receives an Evenstar Pendant as a token of love.,
30,The Crown of Gondor,What ceremonial headpiece represents the kingship of Gondor and is used in the coronation of Aragorn as the King of Gondor in 'Lord of the Rings'?,Lord Of The Rings,Frodo's Cloak of Invisibility,The Elendilmir,The Crown of Gondor,Radagast's Rabbit Sled,The Crown of Gondor represents the kingship of Gondor.,
31,The End of All Things,"What chapter in 'Lord of the Rings' is named 'The End of All Things,' where Sam and Frodo face their greatest trials and challenges, including the destruction of the One Ring?",Lord Of The Rings,The Destruction of Isengard,The Siege of Minas Tirith,The Witch-king of Angmar,The End of All Things is a pivotal chapter.,,
32,The Steward and the King,"What chapter in 'The Lord of the Rings' describes Aragorn's return to Gondor, his reunion with Arwen, and his coronation as King Elessar Telcontar?",Lord Of The Rings,The Steward and the King,Many Partings,Homeward Bound,The Scouring of the Shire,'The Steward and the King' is a momentous chapter.,
33,The Departure of Frodo,"What chapter in 'The Lord of the Rings' describes the final journey of Frodo Baggins and his departure from Middle-earth, accompanied by Gandalf, Bilbo, and the Elves, as they sail to the Undying Lands?",Lord Of The Rings,The Departure of Frodo,The Red Book of Westmarch,The Shire Reckoning,The Black Serpent of Harad,'The Departure of Frodo' is a momentous chapter.,
34,Homeward Bound,"What chapter in 'The Lord of the Rings' describes the journey of the Hobbits as they return to the Shire after their adventures, only to find it changed and in need of their intervention?",Lord Of The Rings,Homeward Bound,The Scouring of the Shire,The Grey Havens,The Last of the Noldor,'Homeward Bound' is a significant chapter.,
35,Osgiliath,What city in Gondor serves as a key strategic location and is contested between Gondor and Mordor in 'Lord of the Rings'?,Lord Of The Rings,Boromir,Theoden,Shelob,Gondor,Osgiliath is the contested city in Gondor.,
36,The Battle of Dale,"What climactic battle takes place in the vicinity of Dale as part of the conflict involving the Men of Dale, Elves, Dwarves, and Orcs in 'The Hobbit'?",Lord Of The Rings,The Hobbit,Dale,Erebor,The Battle of Dale is a significant battle.,,
37,The Silmarillion,What collection of stories and mythos provides a detailed history of Middle-earth and its creation by Eru Ilúvatar in 'Lord of the Rings'?,Lord Of The Rings,The Fellowship of the Ring,The Two Towers,The Return of the King,The Silmarillion,The Silmarillion provides a detailed history of Middle-earth.,
38,The White Council,"What council of powerful beings, including wizards and Elves, forms to oppose the growing power of Sauron in 'Lord of the Rings'?",Lord Of The Rings,The Watcher in the Water,The Ford of Bruinen,The White Council opposes Sauron.,,,
39,Radagast's Brown Birds,What creatures does Radagast the Brown use to send messages and gather information in 'Lord of the Rings'?,Lord Of The Rings,Radagast's Brown Birds,Thrain's Map,The Council of Elrond,The Last Alliance of Elves and Men,Radagast uses Brown Birds.,
40,The Siege of Minas Tirith,"What critical battle and siege takes place in 'Lord of the Rings,' where the forces of Gondor and Rohan defend the city of Minas Tirith against the overwhelming might of Sauron's armies?",Lord Of The Rings,The Destruction of Isengard,The Siege of Minas Tirith,The Witch-king of Angmar,The Battle of the Pelennor Fields,The Siege of Minas Tirith is a crucial battle.,
41,Frodo's Orc Disguise,What disguise does Frodo use to infiltrate the orc stronghold of Cirith Ungol in 'Lord of the Rings'?,Lord Of The Rings,Frodo's Cloak of Invisibility,Arwen's Evenstar Necklace,Gimli's Battle Axe,Frodo's Orc Disguise is used for infiltration.,,
42,Durin IV,What Dwarf King of Khazad-dûm ruled during the time of Smaug's attack on Erebor in 'The Hobbit'?,Lord Of The Rings,The Hobbit,Durin IV,Thrain II,Dáin Ironfoot,Durin IV ruled during that time.,
43,The Barrow-downs,What eerie and ancient burial mounds pose a danger to Frodo and his companions as they journey through the Old Forest in 'Lord of the Rings'?,Lord Of The Rings,The Watcher in the Water,The Ford of Bruinen,The Barrow-downs,The Barrow-downs are ancient burial mounds.,,
44,The Paths of the Dead,What eerie and haunted passageways in the White Mountains are traversed by Aragorn and the Grey Company in 'Lord of the Rings'?,Lord Of The Rings,Frodo's Cloak of Invisibility,Arwen's Evenstar Necklace,The Bridge of Khazad-dûm,The Paths of the Dead are eerie passageways.,,
45,The Dead Marshes,What eerie and treacherous wetlands do Frodo and Sam pass through on their journey to Mordor in 'Lord of the Rings'?,Lord Of The Rings,Boromir,Theoden,Shelob,Gondor,The Dead Marshes are the eerie wetlands they pass through.,
46,The Battle of Helm's Deep,"What epic battle occurs at the fortress of Helm's Deep in 'Lord of the Rings,' where the people of Rohan, led by King Théoden, withstand the assault of Saruman's Uruk-hai forces?",Lord Of The Rings,The Battle of Azanulbizar,The Battle of Five Armies,The Great Smials,The Battle of Helm's Deep is a major conflict.,,
47,The Destruction of Isengard,"What event in 'Lord of the Rings' involves the flooding of the Ents and the destruction of the fortress of Isengard, breaking Saruman's power and leading to his eventual downfall?",Lord Of The Rings,The Destruction of Isengard,The Siege of Minas Tirith,The Witch-king of Angmar,The Battle of the Pelennor Fields,The Destruction of Isengard is a significant event.,
48,Smaug the Dragon,What fearsome and treasure-hoarding creature is the primary antagonist of 'The Hobbit'?,Lord Of The Rings,The Hobbit,Smaug the Dragon,The Battle of Azanulbizar,The Great Goblin,Smaug is the primary antagonist.,
49,Uruk-hai,What fearsome breed of orc are created by Saruman and serve as his army in 'Lord of the Rings'?,Lord Of The Rings,Uruk-hai,Eagles,Elrond,Radagast the Brown,Uruk-hai are the fearsome orcs created by Saruman.,
50,Balrog,What fiery and fearsome creature does Gandalf confront in the Mines of Moria in 'Lord of the Rings'?,Lord Of The Rings,Balrog,Galadriel,Saruman,Eowyn,Gandalf confronts the Balrog in the Mines of Moria.,
51,The Balrog of Moria,What formidable and fiery demon does Gandalf confront in the depths of Moria in 'Lord of the Rings'?,Lord Of The Rings,Ulmo,Valinor,The Watcher in the Water,The Balrog of Moria,Gandalf confronts the Balrog in Moria.,
52,Gimli's Battle Axe,What formidable weapon is wielded by Gimli the Dwarf throughout his adventures in 'Lord of the Rings'?,Lord Of The Rings,Frodo's Cloak of Invisibility,Arwen's Evenstar Necklace,Gimli's Battle Axe,Legolas' Fighting Knives,Gimli wields a Battle Axe.,
53,Isengard,What fortress is initially controlled by Saruman the White in 'Lord of the Rings'?,Lord Of The Rings,Frodo's Mithril Shirt,Isengard,Rohan,Grey Havens,Isengard is initially controlled by Saruman the White.,
54,Frodo's Elven Cloak,What gift does Frodo receive from Galadriel that grants him invisibility in 'Lord of the Rings'?,Lord Of The Rings,Frodo's Elven Cloak,Isengard,Rohan,Grey Havens,Frodo receives an Elven Cloak that grants him invisibility.,
55,The Great Goblin,What grotesque and powerful Goblin is the ruler of the Goblin-town in the Misty Mountains in 'The Hobbit'?,Lord Of The Rings,The Hobbit,The Battle of Azanulbizar,The Great Goblin,Bolg,The Great Goblin rules Goblin-town.,
56,The Ride of the Rohirrim,"What heroic and stirring charge by the Riders of Rohan, led by King Théoden, occurs during the Battle of the Pelennor Fields in 'Lord of the Rings'?",Lord Of The Rings,The Destruction of Isengard,The Siege of Minas Tirith,The Witch-king of Angmar,The Battle of the Pelennor Fields,The Ride of the Rohirrim is a heroic charge.,
57,The Last Alliance of Elves and Men,What historic alliance was formed between Elves and Men to combat the Dark Lord Sauron at the end of the Second Age in 'Lord of the Rings'?,Lord Of The Rings,Radagast's Brown Birds,Thrain's Map,The Last Alliance of Elves and Men,The Last Alliance fought against Sauron.,,
58,Gandalf the White,What is Gandalf's enhanced title and appearance after his return from death in 'Lord of the Rings'?,Lord Of The Rings,Gandalf the Grey,Gandalf the White,Galadriel,Saruman,Gandalf becomes Gandalf the White after his return from death.,
59,Gollum,What is the alternate identity of the character Sméagol after being corrupted by the One Ring in 'Lord of the Rings'?,Lord Of The Rings,Rivendell,Gollum,Minas Tirith,Hobbiton,Gollum is the alternate identity of Sméagol after being corrupted by the One Ring.,
60,The Lonely Mountain,"What is the alternative name for Erebor, the dwarf kingdom where Smaug hoards treasure in 'Lord of the Rings'?",Lord Of The Rings,Boromir,Theoden,Shelob,Gondor,The Lonely Mountain is an alternative name for Erebor.,
61,Shire Reckoning,What is the calendar system used in the Shire in 'Lord of the Rings'?,Lord Of The Rings,Boromir,Theoden,Shelob,Gondor,Shire Reckoning is the calendar system used in the Shire.,
62,Minas Tirith,What is the capital city of Gondor in 'Lord of the Rings'?,Lord Of The Rings,Rivendell,Mordor,Minas Tirith,Hobbiton,Minas Tirith serves as the capital city of Gondor.,
63,Michel Delving,"What is the chief town and capital of the Shire, known for its imposing white stone buildings and the Mayor's Residence, in 'Lord of the Rings'?",Lord Of The Rings,The Battle of Azanulbizar,The Battle of Five Armies,The Great Smials,Michel Delving is the Shire's capital.,,
64,Mithrandir,"What is the Elvish name for Gandalf, one of the Istari wizards, in 'The Silmarillion'?",Lord Of The Rings,Ulmo,Valinor,Narsil,Mithrandir,Mithrandir is the Elvish name for Gandalf.,
65,The Last Homely House,What is the Elvish name for Rivendell in 'Lord of the Rings'?,Lord Of The Rings,Frodo's Mithril Shirt,Isengard,Rohan,Grey Havens,The Last Homely House is the Elvish name for Rivendell.,
66,Imladris,What is the Elvish name for the place commonly known as Rivendell in 'Lord of the Rings'?,Lord Of The Rings,Boromir,Theoden,Shelob,Gondor,Imladris is the Elvish name for Rivendell.,
67,Theoden's Golden Hall,"What is the grand hall in Meduseld, the royal palace of Rohan, where King Théoden holds court in 'Lord of the Rings'?",Lord Of The Rings,Galadriel's Phial,The Mirror of Galadriel,The Palantir of Orthanc,Theoden's Golden Hall,Theoden holds court in Theoden's Golden Hall.,
68,The Black Gate,"What is the imposing entrance to Mordor, guarded by Sauron's forces, in 'Lord of the Rings'?",Lord Of The Rings,Balrog,Galadriel,Saruman,Eowyn,"The Black Gate is the entrance to Mordor, guarded by Sauron's forces.",
69,Mount Gundabad,What is the mountain where Azog the Defiler resides and gathers orc armies in 'Lord of the Rings'?,Lord Of The Rings,Boromir,Theoden,Shelob,Gondor,Mount Gundabad is where Azog the Defiler resides.,
70,Bag End,What is the name of Bilbo and Frodo Baggins' residence in the Shire in 'Lord of the Rings'?,Lord Of The Rings,Rivendell,Bag End,Hobbiton,Minas Tirith,Bag End is the residence of Bilbo and Frodo Baggins.,
71,Frodo's Sting,What is the name of Frodo's Elvish dagger that glows blue in the presence of orcs and goblins in 'Lord of the Rings'?,Lord Of The Rings,The Ringwraiths,The Council of Elrond,Frodo's Sting,Boromir's Horn,Frodo's Elvish dagger is named Sting.,
72,Shadowfax,What is the name of Gandalf's majestic and swiftest steed in 'Lord of the Rings'?,Lord Of The Rings,Shadowfax,Haldir,Boromir's Horn,Gimli's Axe,Shadowfax is Gandalf's majestic steed.,
73,Glamdring,"What is the name of Gandalf's sword, which is also known as the Foe-hammer, in 'Lord of the Rings'?",Lord Of The Rings,Ulmo,Sting,Glamdring,Orcrist,Glamdring is Gandalf's sword.,
74,The Great Smials,"What is the name of one of the two main residences of the prominent Took family in the Shire, known for their adventurous spirit, in 'Lord of the Rings'?",Lord Of The Rings,The Destruction of Isengard,The Siege of Minas Tirith,The Witch-king of Angmar,The Great Smials is a Took residence.,,
75,Barad-dûr,What is the name of Sauron's dark fortress in 'Lord of the Rings'?,Lord Of The Rings,Rivendell,Mordor,Minas Tirith,Hobbiton,Barad-dûr is Sauron's dark fortress.,
76,Morannon,What is the name of the Black Gate that guards the entrance to Mordor in 'Lord of the Rings'?,Lord Of The Rings,Rivendell,Mordor,Minas Tirith,Hobbiton,Morannon is the Black Gate guarding the entrance to Mordor.,
77,The Red Book of Westmarch,What is the name of the book that Bilbo and Frodo write and compile their adventures and experiences in 'Lord of the Rings'?,Lord Of The Rings,Galadriel's Phial,The Mirror of Galadriel,The Palantir of Orthanc,The Red Book of Westmarch,The Red Book records their adventures.,
78,The Shire Reckoning,"What is the name of the calendar and dating system used in the Shire, based on the year of Bilbo's departure from the Shire in 'The Lord of the Rings'?",Lord Of The Rings,The Destruction of Isengard,The Siege of Minas Tirith,The Witch-king of Angmar,The Shire Reckoning is their calendar.,,
79,Galadhrim,What is the name of the community of elves who reside in the forest of Lothlórien in 'Lord of the Rings'?,Lord Of The Rings,Frodo's Mithril Shirt,Isengard,Rohan,Grey Havens,Galadhrim is the community of elves in Lothlórien.,
80,The Battle of the Hornburg,"What is the name of the epic battle that takes place at the fortress of Helm's Deep in 'Lord of the Rings,' where the people of Rohan face a massive Uruk-hai assault?",Lord Of The Rings,The Battle of Azanulbizar,The Battle of Five Armies,The Great Smials,The Battle of the Hornburg is a significant battle.,,
81,The Bucklebury Ferry,"What is the name of the ferry that Frodo, Sam, Merry, and Pippin use to cross the Brandywine River on their journey out of the Shire in 'The Lord of the Rings'?",Lord Of The Rings,The Bucklebury Ferry,The Old Forest,The Barrow-downs,Tom Bombadil's House,The Bucklebury Ferry is used for their crossing.,
82,Durin's Bane,What is the name of the fiery Balrog encountered by the Fellowship of the Ring in the Mines of Moria in 'Lord of the Rings'?,Lord Of The Rings,Boromir,Theoden,Shelob,Gondor,Durin's Bane is the name of the Balrog.,
83,The Hornburg,"What is the name of the fortress of Rohan, also known as Helm's Deep, which serves as a stronghold against the forces of Saruman and later Sauron in 'Lord of the Rings'?",Lord Of The Rings,The Battle of Azanulbizar,The Battle of Five Armies,The Great Smials,The Hornburg is a fortress of Rohan.,,
84,The Entmoot,"What is the name of the gathering of Ents, the ancient tree-like beings of Fangorn Forest, where they discuss whether to go to war in 'Lord of the Rings'?",Lord Of The Rings,The Battle of Azanulbizar,The Battle of Five Armies,The Great Smials,The Entmoot is where Ents make decisions.,,
85,The Fellowship of the Ring,What is the name of the group formed to carry the One Ring to Mount Doom and destroy it in 'Lord of the Rings'?,Lord Of The Rings,The Fellowship of the Ring,The Two Towers,The Return of the King,The Silmarillion,The Fellowship of the Ring is the group formed for this purpose.,
86,The Horn of Gondor,"What is the name of the horn that Boromir carries as a member of the Fellowship of the Ring, which is blown in a moment of dire need to call for aid during an Orc attack in 'The Lord of the Rings'?",Lord Of The Rings,The Horn of Gondor,The Corsairs of Umbar,The Battle of the Pelennor Fields,The Corsair Ships,The 'Horn of Gondor' is an important item.,
87,The Prancing Pony,"What is the name of the inn in Bree where Frodo, Sam, Merry, and Pippin meet Strider (Aragorn) in 'Lord of the Rings'?",Lord Of The Rings,Balrog,Galadriel,Saruman,Eowyn,The Prancing Pony is the inn where they meet Strider (Aragorn).,
88,The Elendilmir,What is the name of the legendary white gem that once adorned the helm of the Kings of Arnor and later becomes an heirloom of Aragorn in 'Lord of the Rings'?,Lord Of The Rings,Frodo's Cloak of Invisibility,The Elendilmir,The Crown of Gondor,Radagast's Rabbit Sled,The Elendilmir is a white gem of the Kings of Arnor.,
89,The Stone of Erech,"What is the name of the ominous stone or hill in 'The Lord of the Rings' that serves as the gathering place for the Dead Men of Dunharrow, whom Aragorn calls upon to fulfill their oath and aid in the War of the Ring?",Lord Of The Rings,The Stone of Erech,The Dead Men of Dunharrow,The Black Serpent of Harad,The Haradrim,'The Stone of Erech' plays a crucial role.,
0,Anduril,"What is the name of the reforged sword from the shards of Narsil, carried by Aragorn as the King of Gondor in 'Lord of the Rings'?",Lord Of The Rings,Ulmo,Valinor,Narsil,Anduril,Anduril is the reforged sword carried by Aragorn.,
1,Bill the Pony,What is the name of the reliable and overlooked pony that carries supplies for the Fellowship in 'Lord of the Rings'?,Lord Of The Rings,Ulmo,Valinor,Bill the Pony,The Watcher in the Water,Bill the Pony is the reliable pony of the Fellowship.,
2,The Brandywine River,"What is the name of the river that marks the western boundary of the Shire in 'The Lord of the Rings,' and it is crossed by Frodo and his companions on their way to Bree?",Lord Of The Rings,The Brandywine River,The Tower of Cirith Ungol,The Morgul Vale,The Land of Shadow,The Brandywine River is a significant boundary.,
3,Narsil,"What is the name of the shattered sword of Elendil, which is reforged into a new blade for Aragorn in 'Lord of the Rings'?",Lord Of The Rings,Ulmo,Valinor,Narsil,Anduril,Narsil is the shattered sword of Elendil.,
4,Sting,"What is the name of the small Elvish blade given to Frodo by Bilbo, which glows blue when orcs are nearby in 'Lord of the Rings'?",Lord Of The Rings,Ulmo,Sting,Glamdring,Orcrist,Sting is the small Elvish blade given to Frodo.,
5,Orcrist,"What is the name of the sword found by Thorin Oakenshield in a troll-hoard, which he later wields in 'The Hobbit'?",Lord Of The Rings,Ulmo,Sting,Glamdring,Orcrist,Orcrist is the sword found by Thorin in 'The Hobbit.',
6,Elendil's Sword,"What is the name of the sword that Aragorn wields, which originally belonged to Elendil, and it is reforged by the Elves and used by Aragorn as the symbol of his claim to the throne of Gondor?",Lord Of The Rings,Elendil's Sword,Isildur's Bane,The Last Debate,The Field of Cormallen,'Elendil's Sword' is an important weapon.,
7,The Sword of Aragorn,"What is the name of the sword that Aragorn, also known as Strider, wields as the rightful heir to the throne of Gondor in 'Lord of the Rings'?",Lord Of The Rings,Gimli's Helmet,The Horn of Helm Hammerhand,Smeagol's Precious,The Sword of Aragorn,Aragorn wields the Sword of Aragorn.,
8,The Sword of Isildur,What is the name of the sword that Isildur used to cut the One Ring from Sauron's finger in 'Lord of the Rings'?,Lord Of The Rings,Gimli's Helmet,The Sword of Elendil,The Sword of Isildur,The Sword of Theoden,The Sword of Isildur cut the One Ring.,
9,Valinor,What is the name of the Undying Lands where the Valar and the Eldar dwell in 'The Silmarillion'?,Lord Of The Rings,Ulmo,Valinor,Narsil,Anduril,Valinor is the Undying Lands of the Valar and Eldar.,
10,Gandalf the Grey,What is the original name and title of the wizard who guides and supports the Fellowship in 'Lord of the Rings'?,Lord Of The Rings,Gandalf the Grey,Gandalf the White,Galadriel,Saruman,Gandalf the Grey is the original name and title of the wizard.,
11,Smeagol,What is the original name of the character who becomes Gollum after being corrupted by the One Ring in 'Lord of the Rings'?,Lord Of The Rings,Elendil,Arwen,Frodo's Journal,Smeagol,Smeagol is the original name of the character who becomes Gollum.,
12,The Sword of Elendil,"What is the original name of the sword Narsil, which belonged to Isildur and later became Anduril in 'Lord of the Rings'?",Lord Of The Rings,Gimli's Helmet,The Sword of Elendil,The Sword of Isildur,The Sword of Theoden,The Sword of Elendil is the original name of Narsil.,
13,The War of the Ring,"What is the overarching conflict between the forces of good, led by the Free Peoples of Middle-earth, and the forces of evil, led by Sauron and his allies, in 'Lord of the Rings'?",Lord Of The Rings,The Scouring of the Shire,The War of the Ring,The Battle of Bywater,The War of the Ring is the overarching conflict.,,
14,Grey Havens,What is the port city where elves depart Middle-earth to the Undying Lands in 'Lord of the Rings'?,Lord Of The Rings,Frodo's Mithril Shirt,Isengard,Rohan,Grey Havens,Grey Havens is the port city where elves depart to the Undying Lands.,
15,The Great River,What is the river that flows through the heart of Gondor and serves as a key route for the Fellowship in 'Lord of the Rings'?,Lord Of The Rings,Frodo's Mithril Shirt,Isengard,Rohan,Grey Havens,The Great River flows through Gondor and is a key route for the Fellowship.,
16,The Black Serpent of Harad,"What is the symbol or emblem that represents the forces of Harad, particularly the Haradrim warriors who fight for Sauron during the Battle of the Pelennor Fields in 'The Lord of the Rings'?",Lord Of The Rings,The Black Serpent of Harad,The Haradrim,Prince Imrahil,The Horn of Gondor,The 'Black Serpent of Harad' is a distinctive symbol.,
17,The Key to Erebor,"What item, used by Thorin Oakenshield's company to enter the Lonely Mountain, is instrumental in opening the secret door to Erebor in 'The Hobbit'?",Lord Of The Rings,Frodo's Cloak of Invisibility,Arwen's Evenstar Pendant,The Horn of Boromir,The Key to Erebor is used to open the secret door to Erebor.,,
18,Frodo's Cloak of Invisibility,"What magical item, given to Frodo by Galadriel, allows its wearer to become invisible in 'Lord of the Rings'?",Lord Of The Rings,Frodo's Cloak of Invisibility,Arwen's Evenstar Pendant,The Horn of Boromir,The Scroll of Isildur,Frodo's Cloak of Invisibility makes the wearer invisible.,
19,Galadriel's Rope,"What magical rope, given to Sam and Frodo by Galadriel, helps them descend into the abyss of Cirith Ungol in 'Lord of the Rings'?",Lord Of The Rings,Oin,Nori,Dori,Galadriel's Rope,Galadriel's Rope helps them descend.,
20,Eagles,What majestic creatures come to the aid of Frodo and Sam in multiple instances during their journey in 'Lord of the Rings'?,Lord Of The Rings,Uruk-hai,Eagles,Elrond,Radagast the Brown,Eagles come to the aid of Frodo and Sam.,
21,Barrow-wights,"What malevolent spirits or creatures attack Frodo, Sam, Merry, and Pippin in the Barrow-downs in 'Lord of the Rings'?",Lord Of The Rings,Oin,Nori,Dori,Barrow-wights attack them in the Barrow-downs.,,
22,The Ringwraiths,What menacing and Nazgûl-riders are servants of Sauron and relentlessly hunt for the One Ring in 'Lord of the Rings'?,Lord Of The Rings,The Ringwraiths,The Council of Elrond,Frodo's Sting,Boromir's Horn,The Ringwraiths are menacing servants of Sauron.,
23,The Watcher in the Water,What mysterious and tentacled creature guards the entrance to the Mines of Moria and attacks the Fellowship in 'Lord of the Rings'?,Lord Of The Rings,Ulmo,Valinor,The Watcher in the Water,The Balrog of Moria,The Watcher guards the entrance to Moria.,
24,Galadriel's Mirror,"What mystical and reflective basin does Galadriel use to show Frodo visions of the past, present, and future in 'Lord of the Rings'?",Lord Of The Rings,Gimli's Helmet,Frodo's Mithril Vest,Frodo's Elven Rope,Galadriel's Mirror,Galadriel uses a mystical mirror.,
25,The Mirror of Galadriel,"What mystical object does Galadriel use to show Frodo and Sam visions of past, present, and future events in 'Lord of the Rings'?",Lord Of The Rings,Oin,Nori,Dori,The Mirror of Galadriel,Galadriel uses the Mirror of Galadriel.,
26,The Bridge of Khazad-dûm,What perilous location in the Mines of Moria becomes the site of a dramatic confrontation with a Balrog in 'Lord of the Rings'?,Lord Of The Rings,Frodo's Cloak of Invisibility,Arwen's Evenstar Necklace,The Bridge of Khazad-dûm,The Paths of the Dead,The Bridge of Khazad-dûm is the site of the confrontation.,
27,The Battle of Pelennor Fields,What pivotal battle takes place outside the walls of Minas Tirith in 'Lord of the Rings'?,Lord Of The Rings,The Argonath,The Battle of Helm's Deep,The Battle of Pelennor Fields,The Battle of the Black Gate,The Battle of Pelennor Fields takes place outside Minas Tirith.,
28,The Siege of Gondor,"What pivotal event in 'Lord of the Rings' involves the city of Gondor facing a massive assault by the forces of Mordor, including the Witch-king of Angmar, during the War of the Ring?",Lord Of The Rings,The Battle of Azanulbizar,The Battle of Five Armies,The Great Smials,The Siege of Gondor is a crucial event.,,
29,Saruman's Voice,"What power does Saruman, one of the Istari wizards, use to influence and control the minds of others in 'Lord of the Rings'?",Lord Of The Rings,Frodo's Cloak of Invisibility,Arwen's Evenstar Necklace,Gimli's Battle Axe,Saruman's Voice,Saruman uses his voice to influence and control.,
30,The Palantir of Minas Tirith,"What powerful and ancient seeing stone is used by Denethor, the Steward of Gondor, to communicate with other palantíri in 'Lord of the Rings'?",Lord Of The Rings,Frodo's Cloak of Invisibility,Arwen's Evenstar Pendant,Radagast's Rabbit Sled,The Palantir of Minas Tirith is a powerful seeing stone.,,
31,The Palantir of Orthanc,"What powerful and ancient seeing-stone, used by Saruman the White, is kept in the tower of Orthanc in Isengard in 'Lord of the Rings'?",Lord Of The Rings,The Battle of Azanulbizar,The Battle of Five Armies,The Great Smials,The Palantir of Orthanc is a potent artifact.,,
32,The One Ring,What powerful artifact is the central focus of the entire plot in 'Lord of the Rings'?,Lord Of The Rings,Balrog,Galadriel,Saruman,Eowyn,The One Ring is the central focus of the story.,
33,The Horn of Helm Hammerhand,What powerful horn associated with the King of Rohan is sounded in 'Lord of the Rings' during the Battle of Helm's Deep?,Lord Of The Rings,Gimli's Helmet,The Horn of Helm Hammerhand,Smeagol's Precious,The Sword of Elendil,The Horn of Helm Hammerhand is sounded at Helm's Deep.,
34,Gandalf's Staff,"What powerful magical staff is wielded by Gandalf the Grey, one of the Istari wizards, in 'Lord of the Rings'?",Lord Of The Rings,Gimli's Helmet,The Horn of Helm Hammerhand,Smeagol's Precious,Gandalf's Staff,Gandalf wields a powerful staff.,
35,Gondor,"What powerful realm is known as the White City"" and is under the rule of the Stewards in 'Lord of the Rings'?""",Lord Of The Rings,Boromir,Theoden,Shelob,Gondor,"Gondor is the White City"" under the rule of the Stewards.""",
36,Samwise's Cooking Pot,"What practical item is carried by Samwise Gamgee, the loyal companion of Frodo, on their journey in 'Lord of the Rings'?",Lord Of The Rings,Frodo's Cloak of Invisibility,Arwen's Evenstar Pendant,Radagast's Rabbit Sled,Samwise's Cooking Pot is a practical item carried by Sam.,,
37,Frodo's Mithril Shirt,What precious and lightweight armor does Frodo receive as a gift and wear during his journey in 'Lord of the Rings'?,Lord Of The Rings,Frodo's Mithril Shirt,Isengard,Rohan,Grey Havens,Frodo receives a Mithril Shirt as a precious and lightweight armor.,
38,The Arkenstone,"What priceless gem, sought after by Thorin Oakenshield, becomes a source of conflict and represents the heart of the treasure in Erebor in 'The Hobbit'?",Lord Of The Rings,The Hobbit,Dale,Erebor,The Arkenstone represents the treasure's heart.,,
39,Galadriel's Phial,What radiant and magical light source does Galadriel give to Frodo to aid him in the darkness of Mordor in 'Lord of the Rings'?,Lord Of The Rings,Galadriel's Phial,The Mirror of Galadriel,The Palantir of Orthanc,Théodred,Galadriel's Phial provides light in Mordor.,
40,Treebeard's Ent-draught,"What rejuvenating drink, offered to Merry and Pippin by Treebeard the Ent, causes them to grow taller and stronger in 'Lord of the Rings'?",Lord Of The Rings,Oin,Nori,Dori,Treebeard's Ent-draught,Treebeard offers them an Ent-draught.,
41,The Shards of Narsil,What remains of the once-mighty sword Narsil after its breaking in 'Lord of the Rings'?,Lord Of The Rings,Gimli's Helmet,The Shards of Narsil,The Arkenstone,Gandalf's Staff,The Shards of Narsil are what remains of the sword.,
42,The Battle of Azanulbizar,"What significant battle takes place between Dwarves and Orcs in the northern part of the Misty Mountains, where Thorin Oakenshield's grandfather Thror was killed, in 'Lord of the Rings'?",Lord Of The Rings,The Battle of Azanulbizar,The Battle of Five Armies,The Great Smials,Brandy Hall,The Battle of Azanulbizar is a significant battle.,
43,The Battle of Five Armies,"What significant conflict involving Dwarves, Elves, Men, and Goblins takes place near the Lonely Mountain in 'The Hobbit'?",Lord Of The Rings,Oin,Nori,Dori,The Battle of Five Armies takes place near the Lonely Mountain.,,
44,The Morgul Vale,What sinister location in 'The Lord of the Rings' is associated with the Nazgûl and is the setting for Frodo's encounter with the Witch-king and his confrontation with Shelob?,Lord Of The Rings,The Morgul Vale,The Tower of Cirith Ungol,The Land of Shadow,The Field of Cormallen,The Morgul Vale is a dangerous place in Mordor.,
45,Frodo's Phial of Galadriel,What source of light does Frodo use in the dark passages of Shelob's Lair in 'Lord of the Rings'?,Lord Of The Rings,Oin,Nori,Dori,Frodo's Phial of Galadriel,Frodo uses Galadriel's Phial as a source of light.,
46,Eowyn's Shieldmaiden Armor,What special armor does Éowyn don to disguise herself as a warrior and join the Battle of Pelennor Fields in 'Lord of the Rings'?,Lord Of The Rings,Beorn,Grima Wormtongue,Eowyn's Shieldmaiden Armor,The Mouth of Sauron,Éowyn disguises herself as a warrior with this armor.,
47,Frodo's Lembas Bread,What special Elvish waybread sustains Frodo and Sam during their journey to Mordor in 'Lord of the Rings'?,Lord Of The Rings,Frodo's Lembas Bread,Isengard,Rohan,Grey Havens,Frodo and Sam are sustained by Lembas Bread.,
48,Frodo's Elven Rope,What special rope made by the Elves does Frodo carry with him on his journey in 'Lord of the Rings'?,Lord Of The Rings,Gimli's Helmet,Frodo's Mithril Vest,Frodo's Elven Rope,Galadriel's Mirror,Frodo carries an Elven Rope.,
49,Smeagol's Precious,What term does Gollum often use to refer to the One Ring in 'Lord of the Rings'?,Lord Of The Rings,Gimli's Helmet,The Horn of Helm Hammerhand,Smeagol's Precious,The Sword of Elendil,Gollum often calls the One Ring his precious.,
50,The Corsair Ships,"What term is used in 'The Lord of the Rings' to describe the fleet of ships from Umbar that arrives to besiege Gondor, bringing reinforcements to Sauron's forces during the War of the Ring?",Lord Of The Rings,The Corsair Ships,The Destruction of the Ring,The Return of the King,The Grey Havens,'The Corsair Ships' are a key element.,
51,Shelob,What terrifying creature dwells in Cirith Ungol and poses a threat to Frodo and Sam in 'Lord of the Rings'?,Lord Of The Rings,Boromir,Theoden,Shelob,Gondor,Shelob is the terrifying creature in Cirith Ungol.,
52,Beorn's Skin-changing,"What unique ability does Beorn, a shape-shifter who aids the Dwarves in 'The Hobbit,' possess that allows him to transform into a bear and back into a man?",Lord Of The Rings,Oin,Nori,Dori,Beorn has the ability of skin-changing.,,
53,Radagast's Rabbit Sled,"What unusual and whimsical mode of transportation is used by Radagast the Brown, one of the Istari wizards, in 'Lord of the Rings'?",Lord Of The Rings,Frodo's Cloak of Invisibility,Arwen's Evenstar Pendant,Radagast's Rabbit Sled,Samwise's Cooking Pot,Radagast uses a Rabbit Sled as transportation.,
54,The Horn of Boromir,"What valuable item, carried by Boromir, is blown as a call for aid before his demise in 'Lord of the Rings'?",Lord Of The Rings,Frodo's Cloak of Invisibility,Arwen's Evenstar Pendant,The Horn of Boromir,The Scroll of Isildur,Boromir uses the Horn of Boromir to call for aid.,
55,Thranduil's Crown,"What valuable treasure does Thranduil, the Elven King of Mirkwood, demand as a share of the treasure from Thorin's company in 'The Hobbit'?",Lord Of The Rings,The Hobbit,Thranduil's Crown,Smaug the Dragon,The Arkenstone,"Thranduil demands a share, including his crown.",
56,The Sword of Eowyn,What weapon does Eowyn use to defeat the Witch-king of Angmar in 'Lord of the Rings'?,Lord Of The Rings,Gimli's Helmet,The Horn of Helm Hammerhand,Smeagol's Precious,The Sword of Eowyn,Eowyn uses the Sword of Eowyn.,
57,Gimli's Axe,What weapon is the dwarf Gimli known for wielding with great skill and pride in 'Lord of the Rings'?,Lord Of The Rings,The Ringwraiths,The Council of Elrond,Gimli's Axe,Legolas' Bow,Gimli is known for wielding an axe with great skill.,
58,Legolas' Fighting Knives,"What weapons are frequently used by Legolas, the Elf of the Fellowship, to great effect in 'Lord of the Rings'?",Lord Of The Rings,Frodo's Cloak of Invisibility,Arwen's Evenstar Necklace,Gimli's Battle Axe,Legolas' Fighting Knives,Legolas uses Fighting Knives as weapons.,
59,Frodo's Journal,What written record does Frodo keep during his journey to document his experiences in 'Lord of the Rings'?,Lord Of The Rings,Elendil,Arwen,Frodo's Journal,Smeagol,Frodo keeps a journal to document his experiences.,
60,The Grey Havens,"Where do Frodo, Gandalf, Bilbo, and many Elves depart to from the shores of Middle-earth at the end of 'The Lord of the Rings,' leaving behind their mortal lives and sailing to a land across the sea?",Lord Of The Rings,The Grey Havens,The Departure of Frodo,The Red Book of Westmarch,The Shire Reckoning,'The Grey Havens' is the departing place.,
61,The Ford of Bruinen,"Where does Arwen, with the help of a flood, confront the pursuing Nazgûl to protect Frodo in 'Lord of the Rings'?",Lord Of The Rings,The Watcher in the Water,The Ford of Bruinen,The Ford of Bruinen is where Arwen confronts the Nazgûl.,,,
62,The Shire,"Where is the homeland of the hobbits, including Frodo and Sam, in 'Lord of the Rings'?",Lord Of The Rings,Rivendell,Mordor,Minas Tirith,Hobbiton,The Shire is the homeland of the hobbits.,
63,Grima Wormtongue,Which advisor to King Théoden is revealed as a spy and agent of Saruman in 'Lord of the Rings'?,Lord Of The Rings,Beorn,Grima Wormtongue,Eowyn's Shieldmaiden Armor,The Mouth of Sauron,Grima Wormtongue is the spy and advisor to King Théoden.,
64,Treebeard,Which ancient and wise Ent is the guardian of Fangorn Forest in 'Lord of the Rings'?,Lord Of The Rings,Balrog,Galadriel,Saruman,Eowyn,Treebeard is the guardian of Fangorn Forest.,
65,The Return of the King,Which book in J.R.R. Tolkien's trilogy chronicles the final stages of the War of the Ring and the crowning of Aragorn in 'Lord of the Rings'?,Lord Of The Rings,The Fellowship of the Ring,The Two Towers,The Return of the King,The Silmarillion,The Return of the King chronicles these events.,
66,The Two Towers,Which book in J.R.R. Tolkien's trilogy is named after the pair of tall structures in the land of Gondor in 'Lord of the Rings'?,Lord Of The Rings,The Fellowship of the Ring,The Two Towers,The Return of the King,The Silmarillion,The Two Towers is named after the structures in Gondor.,
67,The Last Debate,Which chapter in 'The Lord of the Rings' depicts a discussion among the leaders of the Free Peoples of Middle-earth as they decide how to address the threat of Sauron and his armies before the final battle?,Lord Of The Rings,The Last Debate,Elendil's Sword,Isildur's Bane,The Field of Cormallen,'The Last Debate' is a pivotal chapter.,
68,Aragorn,Which character is also known as Strider?,Lord Of The Rings,Frodo Baggins,Aragorn,Gandalf,Legolas,Aragorn is also known as Strider in the story.,
69,Legolas,Which character is renowned for their archery skills and sharp eyesight?,Lord Of The Rings,Frodo Baggins,Aragorn,Gandalf,Legolas,Legolas is renowned for his archery skills and sharp eyesight.,
70,The Battle of the Black Gate,Which climactic battle unfolds at the entrance to Mordor in 'Lord of the Rings'?,Lord Of The Rings,The Argonath,The Battle of Helm's Deep,The Battle of Pelennor Fields,The Battle of the Black Gate,The Battle of the Black Gate occurs at Mordor's entrance.,
71,Dwalin,Which dwarf from Thorin Oakenshield's company is known for his hooded cloak and large war-hammer in 'Lord of the Rings'?,Lord Of The Rings,The Prancing Pony Innkeeper,Glóin,Dwalin,Kili,Dwalin is known for his hooded cloak and war-hammer.,
72,Dori,Which Dwarf from Thorin Oakenshield's company is known for his strong sense of responsibility and takes care of the other Dwarves in 'The Hobbit'?,Lord Of The Rings,Oin,Nori,Dori,Frodo's Phial of Galadriel,Dori is responsible and cares for the Dwarves.,
73,Fili,Which dwarf from Thorin Oakenshield's company is the brother of Kili and known for his fair hair in 'Lord of the Rings'?,Lord Of The Rings,The Prancing Pony Innkeeper,Kili,Fili,Balimund,Yavanna,Fili is the brother of Kili and known for his fair hair.
74,Bofur,Which dwarf from Thorin Oakenshield's company shares a similar name with his cousins Bifur and Bombur in 'Lord of the Rings'?,Lord Of The Rings,The Prancing Pony Innkeeper,Glóin,Bifur,Bofur,Bofur shares a similar name with his cousins.,
75,Bifur,Which dwarf from Thorin Oakenshield's company shares a similar name with his cousins Bofur and Bombur in 'Lord of the Rings'?,Lord Of The Rings,The Prancing Pony Innkeeper,Glóin,Bifur,Bofur,Bifur shares a similar name with his cousins.,
76,Thrain II,"Which Dwarf, Thorin Oakenshield's father, was imprisoned by the Necromancer in Dol Guldur before he went missing in 'The Hobbit'?",Lord Of The Rings,The Hobbit,Durin IV,Thrain II,Dáin Ironfoot,Thrain II was imprisoned and went missing.,
77,Legolas' Bow,Which elf from the Fellowship of the Ring is renowned for his exceptional archery skills and carries a bow in 'Lord of the Rings'?,Lord Of The Rings,The Ringwraiths,The Council of Elrond,Gimli's Axe,Legolas' Bow,Legolas is renowned for his archery skills and carries a bow.,
78,Haldir,Which Elf of Lothlórien plays a significant role in the defense of Helm's Deep alongside the people of Rohan in 'Lord of the Rings'?,Lord Of The Rings,Shadowfax,Haldir,Boromir's Horn,Gimli's Axe,Haldir plays a significant role in the defense of Helm's Deep.,
79,Tom Bombadil,Which enigmatic and merry character rescues the hobbits from the Old Forest in 'Lord of the Rings'?,Lord Of The Rings,Balrog,Galadriel,Saruman,Eowyn,Tom Bombadil rescues the hobbits from the Old Forest.,
80,The Sackville-Bagginses,"Which family, known for their greed and desire to take over Bag End, is related to the Bagginses and causes trouble for Frodo in 'Lord of the Rings'?",Lord Of The Rings,The Battle of Azanulbizar,The Battle of Five Armies,The Great Smials,The Sackville-Bagginses are troublemakers.,,
81,The Old Forest,"Which forest in 'The Lord of the Rings' is described as ancient, mysterious, and potentially dangerous, home to Tom Bombadil and the site of Frodo and his companions' encounter with Old Man Willow?",Lord Of The Rings,The Old Forest,The Barrow-downs,The Bucklebury Ferry,Tom Bombadil's House,The Old Forest is a significant location in the story.,
82,Helms Deep,Which fortress serves as a crucial defensive point during the Battle of Helm's Deep in 'Lord of the Rings'?,Lord Of The Rings,Helms Deep,Minas Tirith,Rohan,Isengard,Helms Deep is a crucial defensive point during the Battle of Helm's Deep.,
83,Pippin,Which hobbit is known for his curiosity and sense of adventure among the Fellowship?,Lord Of The Rings,Frodo Baggins,Aragorn,Gandalf,Legolas,Pippin is known for his curiosity and sense of adventure among the Fellowship.,
84,Bilbo Baggins,Which hobbit is known for his long life and adventure with the dwarves in 'The Hobbit' and later passes the One Ring to Frodo in 'Lord of the Rings'?,Lord Of The Rings,Boromir,Theoden,Shelob,Gondor,Bilbo Baggins is known for his adventures and passing the One Ring to Frodo.,
85,Merry,Which hobbit is known for his love of pipe-weed and gardening in the Shire?,Lord Of The Rings,Frodo Baggins,Aragorn,Gandalf,Legolas,Merry is known for his love of pipe-weed and gardening in the Shire.,
86,Radagast's Staff,Which Istari wizard carries a staff and is known for his connection to animals and nature in 'Lord of the Rings'?,Lord Of The Rings,Galadriel's Phial,The Mirror of Galadriel,The Palantir of Orthanc,Radagast's Staff,Radagast is known for his staff and connection to nature.,
87,Radagast the Brown,Which Istari wizard is known for his affinity with animals and nature in 'Lord of the Rings'?,Lord Of The Rings,Uruk-hai,Eagles,Elrond,Radagast the Brown,Radagast the Brown is known for his connection to nature.,
88,Gimli's Helmet,Which item of protective headgear does Gimli the Dwarf wear during his adventures in 'Lord of the Rings'?,Lord Of The Rings,Gimli's Helmet,The Horn of Helm Hammerhand,Smeagol's Precious,The Sword of Elendil,Gimli wears a helmet during his adventures.,
89,Rohan,Which land is known for its horse-lords and vast grasslands in 'Lord of the Rings'?,Lord Of The Rings,Frodo's Mithril Shirt,Isengard,Rohan,Grey Havens,Rohan is known for its horse-lords and grasslands.,
90,Mordor,Which land is the primary stronghold of the Dark Lord Sauron in 'Lord of the Rings'?,Lord Of The Rings,Rivendell,Mordor,Minas Tirith,Hobbiton,Mordor is the primary stronghold of the Dark Lord Sauron.,
91,Gwaihir the Windlord,Which majestic eagle rescues Gandalf from the pinnacle of Orthanc in 'Lord of the Rings'?,Lord Of The Rings,Balrog,Galadriel,Saruman,Eowyn,Gwaihir the Windlord rescues Gandalf from Orthanc's pinnacle.,
92,The Battle of the Pelennor Fields,"Which major battle takes place in 'The Lord of the Rings' outside the walls of Minas Tirith, where the combined forces of Gondor and Rohan face Sauron's armies, including the Witch-king of Angmar and the Haradrim?",Lord Of The Rings,The Battle of the Pelennor Fields,The Corsair Ships,The Destruction of the Ring,The Return of the King,The 'Battle of the Pelennor Fields' is a pivotal conflict.,
93,Boromir's Horn,Which member of the Fellowship of the Ring carries a horn as part of their equipment in 'Lord of the Rings'?,Lord Of The Rings,The Ringwraiths,The Council of Elrond,Frodo's Sting,Boromir's Horn,Boromir carries a horn as part of his equipment.,
94,Boromir,Which member of the Fellowship of the Ring hails from the city of Gondor?,Lord Of The Rings,Boromir,Theoden,Shelob,Gondor,Boromir is from the city of Gondor.,
95,Oin,Which member of Thorin Oakenshield's company of Dwarves is known for his expertise as a fire-maker and for his hearing aid device in 'The Hobbit'?,Lord Of The Rings,Oin,Nori,Dori,Frodo's Phial of Galadriel,Oin is known for fire-making and his hearing aid device.,
96,Glóin,"Which member of Thorin Oakenshield's company, and father of Gimli, appears in 'Lord of the Rings'?",Lord Of The Rings,The Prancing Pony Innkeeper,Glóin,Bifur,Bofur,Glóin is a member of Thorin's company.,
97,Lothlórien,Which mystical forest is ruled by Galadriel and Celeborn in 'Lord of the Rings'?,Lord Of The Rings,Rivendell,Mordor,Minas Tirith,Hobbiton,Lothlórien is the mystical forest ruled by Galadriel and Celeborn.,
98,The Hobbit,Which novel by J.R.R. Tolkien serves as a prequel to 'The Lord of the Rings' and tells the story of Bilbo Baggins' adventures with a group of Dwarves?,Lord Of The Rings,The Hobbit,Durin IV,Thrain II,Dáin Ironfoot,'The Hobbit' serves as a prequel to 'The Lord of the Rings.',
99,Hobbiton,Which peaceful village is the home of Bilbo and Frodo Baggins in 'Lord of the Rings'?,Lord Of The Rings,Rivendell,Mordor,Minas Tirith,Hobbiton,Hobbiton is the peaceful village where Bilbo and Frodo Baggins live.,
100,Galadriel,Which powerful and wise elf-lady rules over Lothlórien in 'Lord of the Rings'?,Lord Of The Rings,Balrog,Galadriel,Saruman,Eowyn,Galadriel rules over Lothlórien.,
101,Glorfindel,Which powerful elf-lord aids Frodo and his companions during their journey in 'Lord of the Rings'?,Lord Of The Rings,Balrog,Galadriel,Saruman,Eowyn,Glorfindel is a powerful elf-lord who aids Frodo and his companions.,
102,Bard the Bowman,Which skilled archer and warrior plays a crucial role in the Battle of the Five Armies by defeating Smaug in 'The Hobbit'?,Lord Of The Rings,Oin,Nori,Dori,Bard the Bowman defeats Smaug.,,
103,The Sword of Theoden,"Which sword, reforged from the shards of Narsil, is wielded by King Theoden of Rohan in 'Lord of the Rings'?",Lord Of The Rings,Gimli's Helmet,The Horn of Helm Hammerhand,Smeagol's Precious,The Sword of Theoden,The Sword of Theoden is reforged from Narsil.,
104,Dale,Which town located near the Lonely Mountain is rebuilt after the defeat of Smaug in 'Lord of the Rings'?,Lord Of The Rings,Boromir,Theoden,Shelob,Gondor,Dale is rebuilt near the Lonely Mountain.,
105,Varda,Which Valar is also known as Elbereth and is associated with the stars and light in 'The Silmarillion'?,Lord Of The Rings,The Prancing Pony Innkeeper,Glóin,Bifur,Yavanna,Varda,Varda is also known as Elbereth and associated with stars and light.
106,Ulmo,Which Valar is associated with water and is the Lord of Waters in 'The Silmarillion'?,Lord Of The Rings,Ulmo,Valinor,Narsil,Anduril,Ulmo is the Valar associated with water.,
107,Aulë,Which Valar is known as the Smith and the creator of the Dwarves in 'The Silmarillion'?,Lord Of The Rings,The Prancing Pony Innkeeper,Glóin,Bifur,Manwe,Aulë,Aulë is known as the Smith and creator of the Dwarves in 'The Silmarillion.'
108,Yavanna,Which Valar is responsible for the creation of plants and is often associated with nature in 'The Silmarillion'?,Lord Of The Rings,The Prancing Pony Innkeeper,Glóin,Bifur,Yavanna,Varda,Yavanna is a Valar associated with nature in 'The Silmarillion.'
109,Tuckborough,Which village in the Westfarthing of the Shire is known for its picturesque location near the Brandywine River and is home to the Tooks and the Great Smials in 'Lord of the Rings'?,Lord Of The Rings,The Battle of Azanulbizar,The Battle of Five Armies,The Great Smials,Tuckborough is near the Brandywine River.,,
110,Saruman,Which wizard initially joins the White Council but later turns to treachery in 'Lord of the Rings'?,Lord Of The Rings,Balrog,Galadriel,Saruman,Eowyn,Saruman initially joins the White Council but turns to treachery.,
111,Kili,Which young dwarf from Thorin Oakenshield's company has a close relationship with his brother Fili in 'Lord of the Rings'?,Lord Of The Rings,The Prancing Pony Innkeeper,Kili,Fili,Balimund,Yavanna,Kili has a close relationship with his brother Fili.
112,Dáin Ironfoot,Who becomes the King under the Mountain and ruler of Erebor after the death of Thorin Oakenshield in 'The Hobbit'?,Lord Of The Rings,The Hobbit,Durin IV,Thrain II,Dáin Ironfoot,Dáin Ironfoot becomes the ruler of Erebor.,
113,Balimund,Who is a skilled blacksmith in Whiterun and provides training in the Smithing skill in 'The Elder Scrolls V: Skyrim'?,Lord Of The Rings,The Prancing Pony Innkeeper,Glóin,Bifur,Balimund,Yavanna,"Balimund is a character from 'Skyrim,' not 'Lord of the Rings.'"
114,Samwise Gamgee,Who is Frodo's loyal friend and companion on his quest to Mount Doom?,Lord Of The Rings,Frodo Baggins,Aragorn,Gandalf,Legolas,Samwise Gamgee is Frodo's loyal friend and companion.,
115,Eowyn,Who is the brave shieldmaiden of Rohan who disguises herself as a man to fight in the Battle of Pelennor Fields in 'Lord of the Rings'?,Lord Of The Rings,Balrog,Galadriel,Saruman,Eowyn,Eowyn disguises herself and fights bravely in the Battle of Pelennor Fields.,
116,The Mouth of Sauron,Who is the dark emissary of Sauron who delivers his terms to the Captains of the West before the Battle of the Black Gate in 'Lord of the Rings'?,Lord Of The Rings,Beorn,Grima Wormtongue,Eowyn's Shieldmaiden Armor,The Mouth of Sauron,The Mouth of Sauron delivers Sauron's terms.,
117,Durin III,Who is the Dwarf King of Khazad-dûm and the third king of Durin's Folk in 'Lord of the Rings'?,Lord Of The Rings,Galadriel's Phial,The Mirror of Galadriel,The Palantir of Orthanc,Durin III,Durin III is the Dwarf King of Khazad-dûm.,
118,Gimli,Who is the dwarf warrior and member of the Fellowship of the Ring?,Lord Of The Rings,Frodo Baggins,Aragorn,Gandalf,Legolas,Gimli is the dwarf warrior and member of the Fellowship.,
119,Thranduil,Who is the Elvenking and ruler of the Woodland Realm in 'Lord of the Rings'?,Lord Of The Rings,Boromir,Theoden,Shelob,Gondor,Thranduil is the Elvenking of the Woodland Realm.,
120,Melkor,Who is the fallen Vala also known as Morgoth and the primary antagonist in 'The Silmarillion'?,Lord Of The Rings,The Prancing Pony Innkeeper,Glóin,Bifur,Manwe,Melkor,Melkor is the fallen Vala and primary antagonist in 'The Silmarillion.'
121,Elendil,Who is the father of Isildur and Anárion and the last High King of Gondor in 'Lord of the Rings'?,Lord Of The Rings,Elendil,Arwen,Frodo's Journal,Smeagol,Elendil is the father of Isildur and Anárion.,
122,Thrain,Who is the father of Thorin Oakenshield and the King of Durin's Folk before his disappearance in 'Lord of the Rings'?,Lord Of The Rings,The Prancing Pony Innkeeper,Glóin,Bifur,Thrain,Thrain is the father of Thorin Oakenshield.,
123,Arwen,Who is the half-elf princess of Rivendell and the love interest of Aragorn in 'Lord of the Rings'?,Lord Of The Rings,Elendil,Arwen,Frodo's Journal,Smeagol,Arwen is the half-elf princess and Aragorn's love interest.,
124,Theoden,Who is the King of Rohan during the events of 'Lord of the Rings'?,Lord Of The Rings,Boromir,Theoden,Shelob,Gondor,Theoden is the King of Rohan during the story.,
125,Manwe,Who is the King of the Valar and the chief of the Ainur in 'The Silmarillion'?,Lord Of The Rings,The Prancing Pony Innkeeper,Glóin,Bifur,Manwe,Aulë,Manwe is the King of the Valar in 'The Silmarillion.'
126,Thorin Oakenshield,Who is the leader of the company of Dwarves on a quest to reclaim the Lonely Mountain and its treasure in 'The Hobbit'?,Lord Of The Rings,Oin,Nori,Dori,Thorin Oakenshield leads the Dwarves.,,
127,The Witch-king of Angmar,Who is the leader of the Ringwraiths and chief servant of Sauron in 'Lord of the Rings'?,Lord Of The Rings,Balrog,Galadriel,Saruman,Eowyn,The Witch-king of Angmar is the leader of the Ringwraiths.,
128,Elrond,Who is the Lord of Rivendell and plays a key role in the Council of Elrond in 'Lord of the Rings'?,Lord Of The Rings,Uruk-hai,Eagles,Elrond,Radagast the Brown,Elrond is the Lord of Rivendell and a key figure in the Council of Elrond.,
129,Eomer,Who is the nephew of King Théoden and leads the Riders of Rohan in 'Lord of the Rings'?,Lord Of The Rings,Balrog,Galadriel,Saruman,Eowyn,Eomer is the nephew of King Théoden and leads the Riders of Rohan.,
130,Prince Imrahil,Who is the noble leader of the Swan Knights of Dol Amroth and a trusted ally of Gondor in 'The Lord of the Rings'?,Lord Of The Rings,Prince Imrahil,The Horn of Gondor,The Corsairs of Umbar,The Battle of the Pelennor Fields,'Prince Imrahil' is a notable character.,
131,Sauron,Who is the primary antagonist seeking the One Ring?,Lord Of The Rings,Frodo Baggins,Aragorn,Gandalf,Legolas,Sauron is the main antagonist in pursuit of the One Ring.,
132,Frodo Baggins,Who is the primary protagonist and Ring-bearer in 'Lord of the Rings'?,Lord Of The Rings,Frodo Baggins,Aragorn,Gandalf,Legolas,Frodo Baggins is the primary protagonist and Ring-bearer in the story.,
133,Beorn,Who is the shape-shifting and reclusive skin-changer encountered by Bilbo and the dwarves in 'The Hobbit'?,Lord Of The Rings,Beorn,Grima Wormtongue,Eowyn's Shieldmaiden Armor,The Mouth of Sauron,Beorn is the shape-shifting skin-changer encountered.,
134,Bolg,Who is the son of Azog the Defiler and takes command of the Orcs after Azog's death in 'The Hobbit'?,Lord Of The Rings,The Hobbit,The Battle of Azanulbizar,The Great Goblin,Bolg,Bolg takes command after Azog's death.,
135,Théodred,Who is the son of King Théoden and falls in battle during the War of the Ring in 'Lord of the Rings'?,Lord Of The Rings,Galadriel's Phial,The Mirror of Galadriel,The Palantir of Orthanc,Théodred,Théodred is the son of King Théoden.,
136,Denethor,Who is the Steward of Gondor and father of Boromir and Faramir in 'Lord of the Rings'?,Lord Of The Rings,Balrog,Galadriel,Saruman,Eowyn,Denethor is the Steward of Gondor and the father of Boromir and Faramir.,
137,Faramir,Who is the younger brother of Boromir and captain of Gondor's Rangers in 'Lord of the Rings'?,Lord Of The Rings,Balrog,Galadriel,Saruman,Eowyn,Faramir is the younger brother of Boromir and captain of Gondor's Rangers.,
"uid","answer","question","subject","option1","option2","option3","option4","explanation"
138,"Anórien","In 'The Lord of the Rings,' what is the name of the region of Gondor that lies east of the White Mountains and is known for its fertile plains and farmlands?","Lord Of The Rings","Anórien","Battle of Pelennor","Beregond","Bill Ferny","'Anórien' is a prominent Gondorian region."
139,"Battle of Pelennor","What is the name of the pivotal battle in 'The Lord of the Rings' where the forces of Gondor and Rohan unite to defend Minas Tirith against Sauron's armies, including the Witch-king of Angmar and the Haradrim?","Lord Of The Rings","Battle of Pelennor","Beregond","Bill Ferny","Bree","The 'Battle of Pelennor' is a major conflict."
140,"Beregond","In 'The Lord of the Rings,' who is a loyal soldier and guard of Minas Tirith, and he becomes a trusted friend of Pippin Took, even saving Faramir's life during the battle?","Lord Of The Rings","Beregond","Bill Ferny","Bree","Buckland","'Beregond' is a valiant character in Gondor."
141,"Bill Ferny","What is the name of a disreputable character in 'The Lord of the Rings' who is involved in shady dealings and has a brief encounter with Frodo and the other Hobbits in Bree?","Lord Of The Rings","Bill Ferny","Bree","Buckland","Dagorlad","'Bill Ferny' is known for his unsavory actions."
142,"Bree","In 'The Lord of the Rings,' what is the name of the town where Frodo and his companions, including Aragorn, first meet and stay briefly before embarking on their journey to Rivendell?","Lord Of The Rings","Bree","Buckland","Dagorlad","Emyn Muil","'Bree' is an important starting point in the story."
143,"Buckland","What is the name of the region in 'The Lord of the Rings' that lies east of the Shire, known for its wooded landscape and the home of the Brandybuck family, including Merry (Meriadoc Brandybuck)?","Lord Of The Rings","Buckland","Dagorlad","Emyn Muil","Fangorn","'Buckland' is associated with the Brandybucks."
144,"Dagorlad","In 'The Lord of the Rings,' what is the name of the vast, open plain located just outside the Black Gate of Mordor, where the Last Alliance of Elves and Men fought against Sauron's forces?","Lord Of The Rings","Dagorlad","Emyn Muil","Fangorn","Forlindon","'Dagorlad' is a historic battlefield."
145,"Emyn Muil","What is the name of the rugged and rocky uplands in 'The Lord of the Rings' that Frodo and Sam traverse after leaving the Fellowship of the Ring and before encountering Gollum?","Lord Of The Rings","Emyn Muil","Fangorn","Forlindon","Goldberry","'Emyn Muil' is a challenging terrain."
146,"Fangorn","In 'The Lord of the Rings,' what is the name of the ancient and mysterious forest inhabited by the Ents and their leader Treebeard, where Merry and Pippin find refuge and adventure?","Lord Of The Rings","Fangorn","Forlindon","Goldberry","Gwaihir","'Fangorn' is a unique forest in Middle-earth."
147,"Forlindon","What is the name of the coastal region in 'The Lord of the Rings' located in the northwest of Middle-earth, where Círdan the Shipwright's Elven haven of the Grey Havens is situated?","Lord Of The Rings","Forlindon","Goldberry","Gwaihir","Harlindon","'Forlindon' is a coastal region."
148,"Goldberry","In 'The Lord of the Rings,' who is the enigmatic and ethereal character known as the River-woman's daughter, residing in the house of Tom Bombadil near the Withywindle River?","Lord Of The Rings","Goldberry","Gwaihir","Harlindon","Hollin","'Goldberry' is associated with Tom Bombadil."
149,"Gwaihir","What is the name of the Lord of the Eagles, a giant eagle who aids Gandalf and rescues Frodo and Sam from Mount Doom in 'The Lord of the Rings'?","Lord Of The Rings","Gwaihir","Harlindon","Hollin","Ithilien","'Gwaihir' is a majestic eagle."
150,"Harlindon","What is the name of the coastal region in 'The Lord of the Rings' located to the southwest of the Grey Havens, where another Elven haven is situated under the lordship of Círdan?","Lord Of The Rings","Harlindon","Hollin","Ithilien","Quickbeam","'Harlindon' is part of Elven territories."
151,"Hollin","In 'The Lord of the Rings,' what is the name of the ancient land where the Fellowship of the Ring passes through on their journey to and from Moria, and it is known for its tall standing stones, including the Doors of Durin?","Lord Of The Rings","Hollin","Ithilien","Quickbeam","Radagast","'Hollin' is a significant location on the journey."
152,"Ithilien","What is the name of the lush and fertile land in 'The Lord of the Rings' located to the east of Gondor, known for its beautiful gardens and the hidden refuge of Henneth Annûn, where Faramir and his Rangers operate?","Lord Of The Rings","Ithilien","Quickbeam","Radagast","Tharbad","'Ithilien' is a strategically important region."
153,"Quickbeam","In 'The Lord of the Rings,' who is the gentle and thoughtful Ent, a member of the Ents of Fangorn Forest, known for his slow speech and deep thinking, who befriends Merry and Pippin?","Lord Of The Rings","Quickbeam","Radagast","Tharbad","The Eagles","'Quickbeam' is a memorable Ent character."
154,"Radagast","What is the name of one of the Istari, the wizards sent by the Valar to Middle-earth, who has a deep affinity for animals and nature, and is briefly mentioned in 'The Lord of the Rings'?","Lord Of The Rings","Radagast","Tharbad","The Eagles","The Entwives","'Radagast' is one of the Istari."
155,"Tharbad","In 'The Lord of the Rings,' what is the name of the ruined city and river crossing located in the ancient land of Cardolan, which the Fellowship encounters on their journey?","Lord Of The Rings","Tharbad","The Eagles","The Entwives","The Gladden Fields","'Tharbad' is an ancient city in ruins."
156,"The Eagles","What is the name of the noble and powerful giant eagles who aid various characters throughout 'The Lord of the Rings,' including rescuing Frodo and Sam from Mount Doom?","Lord Of The Rings","The Eagles","The Entwives","The Gladden Fields","The Trollshaws","'The Eagles' are significant allies in the story."
157,"The Entwives","In 'The Lord of the Rings,' what is the name of the lost Ent-women who used to dwell with the male Ents but have disappeared, leading Treebeard and the other Ents to search for them in vain?","Lord Of The Rings","The Entwives","The Gladden Fields","The Trollshaws","The Weather Hills","The 'Entwives' are a mysterious element."
158,"The Gladden Fields","What is the name of the marshy area in 'The Lord of the Rings' where Isildur lost the One Ring after being ambushed by orcs, and the Ring remained hidden for many centuries until it was found by Gollum?","Lord Of The Rings","The Gladden Fields","The Trollshaws","The Weather Hills","The Wold","'The Gladden Fields' have historical significance."
159,"The Trollshaws","In 'The Lord of the Rings,' what is the name of the wooded and hilly region located east of Rivendell, where the Fellowship encounters trolls and where the hidden valley of Imladris (Rivendell) is found?","Lord Of The Rings","The Trollshaws","The Weather Hills","The Wold","Grey Company","'The Trollshaws' is near Rivendell."
160,"The Weather Hills","What is the name of the series of low, rolling hills in 'The Lord of the Rings' where the Nazgûl (Ringwraiths) pursue the hobbits Frodo and Aragorn as they journey toward Rivendell?","Lord Of The Rings","The Weather Hills","The Wold","Grey Company","War of the Ring","The 'Weather Hills' are ominous."
161,"The Wold","In 'The Lord of the Rings,' what is the name of the open, grassy uplands in Rohan where the Riders of Rohan, led by Éomer, engage in a battle with the forces of Saruman's Uruk-hai?","Lord Of The Rings","The Wold","Grey Company","War of the Ring","Ringwraiths","The 'Wold' is a battlefield."
162,"Grey Company","What is the name of the group of Rangers of the North who accompany Aragorn and aid him in 'The Lord of the Rings,' including Halbarad, as they travel to Gondor during the War of the Ring?","Lord Of The Rings","Grey Company","War of the Ring","Ringwraiths","Nazgûl","The 'Grey Company' is led by Aragorn."
163,"War of the Ring","What is the name of the overarching conflict and series of events in 'The Lord of the Rings,' which centers around the quest to destroy the One Ring and the battles against the forces of Sauron?","Lord Of The Rings","War of the Ring","Ringwraiths","Nazgûl","The Council of Elrond","The 'War of the Ring' is a central theme."
164,"Ringwraiths","In 'The Lord of the Rings,' what are the terrifying and undead servants of Sauron, formerly men who were corrupted by the Nine Rings, and are also known as the Nazgûl or Black Riders?","Lord Of The Rings","Ringwraiths","Nazgûl","The Council of Elrond","The Last Alliance of Elves and Men","'Ringwraiths' are Sauron's formidable servants."
165,"Nazgûl","What alternative name is given to the Ringwraiths in 'The Lord of the Rings,' emphasizing their terrifying nature and allegiance to Sauron?","Lord Of The Rings","Nazgûl","The Council of Elrond","The Last Alliance of Elves and Men","Many Partings","'Nazgûl' is another name for the Ringwraiths."