"answer","question","subject","option1","option2","option3","option4","explanation"
"Anduril","What is the name of the reforged sword from the shards of Narsil, carried by Aragorn as the King of Gondor?","Lord Of The Rings","Ulmo","Valinor","Narsil","Anduril","Anduril is the reforged sword carried by Aragorn."
"Anórien","What is the name of the region of Gondor that lies east of the White Mountains and is known for its fertile plains and farmlands?","Lord Of The Rings","Anórien","Battle of Pelennor","Beregond","Bill Ferny","Anórien is a prominent Gondorian region."
"Aragorn","Which character is also known as Strider?","Lord Of The Rings","Frodo Baggins","Aragorn","Gandalf","Legolas","Aragorn is also known as Strider in the story."
"The Sword of Aragorn","What is the name of the sword that Aragorn, also known as Strider, wields as the rightful heir to the throne of Gondor?","Lord Of The Rings","Gimli's Helmet","The Horn of Helm Hammerhand","Smeagol's Precious","The Sword of Aragorn","Aragorn wields the Sword of Aragorn."
"Arwen","Who is the half-elf princess of Rivendell and the love interest of Aragorn?","Lord Of The Rings","Elendil","Arwen","Frodo's Journal","Smeagol","Arwen is the half-elf princess and Aragorn's love interest."
"Evenstar Necklace","What beautiful and symbolic pendant does Aragorn give to Arwen as a token of his love?","Lord Of The Rings","Cloak of Invisibility","Evenstar Pendant","The Horn of Boromir","The Scroll of Isildur","Arwen receives an Evenstar Pendant as a token of love."
"Aulë","Which Valar is known as the Smith and the creator of the Dwarves in 'The Silmarillion'?","Lord Of The Rings","Aulë","Glóin","Bifur","Manwe","Aulë is known as the Smith and creator of the Dwarves in 'The Silmarillion.'"
"Manwe","Who is the King of the Valar and the chief of the Ainur in 'The Silmarillion'?","Lord Of The Rings","Aulë","Glóin","Bifur","Manwe","Manwe is the King of the Valar in 'The Silmarillion.'"
"Bag End","What is the name of Bilbo and Frodo Baggins' residence in the Shire?","Lord Of The Rings","Rivendell","Bag End","Hobbiton","Minas Tirith","Bag End is the residence of Bilbo and Frodo Baggins."
"Barad-dûr","What is the name of Sauron's dark fortress?","Lord Of The Rings","Rivendell","Mordor","Minas Tirith","Hobbiton","Barad-dûr is Sauron's dark fortress."
"Beorn","Who is the shape-shifting and reclusive skin-changer encountered by Bilbo and the dwarves?","Lord Of The Rings","Beorn","Grima Wormtongue","Eowyn's Shieldmaiden Armor","The Mouth of Sauron","Beorn is the shape-shifting skin-changer encountered."
"Beregond","Who is a loyal soldier and guard of Minas Tirith, and he becomes a trusted friend of Pippin Took, even saving Faramir's life during the battle?","Lord Of The Rings","Beregond","Bill Ferny","Bree","Buckland","Beregond is a valiant character in Gondor."
"Bifur","Which dwarf from Thorin Oakenshield's company shares a similar name with his cousins Bofur and Bombur?","Lord Of The Rings","The Prancing Pony Innkeeper","Glóin","Bifur","Bofur","Bifur shares a similar name with his cousins."
"Bilbo Baggins","Which hobbit is known for his long life and adventure with the dwarves and later passes the One Ring to Frodo?","Lord Of The Rings","Boromir","Theoden","Shelob","Gondor","Bilbo Baggins is known for his adventures and passing the One Ring to Frodo."
"Bill Ferny","What is the name of a disreputable character in 'The Lord of the Rings' who is involved in shady dealings and has a brief encounter with Frodo and the other Hobbits in Bree?","Lord Of The Rings","Bill Ferny","Bree","Buckland","Dagorlad","Bill Ferny is known for his unsavory actions."
"Bill the Pony","What is the name of the reliable and overlooked pony that carries supplies for the Fellowship?","Lord Of The Rings","Ulmo","Valinor","Bill the Pony","The Watcher in the Water","Bill the Pony is the reliable pony of the Fellowship."
"Bofur","Which dwarf from Thorin Oakenshield's company shares a similar name with his cousins Bifur and Bombur?","Lord Of The Rings","The Prancing Pony Innkeeper","Glóin","Bifur","Bofur","Bofur shares a similar name with his cousins."
"Bolg","Who is the son of Azog the Defiler and takes command of the Orcs after Azog's death?","Lord Of The Rings","Bolg","Goblin King","Azog Jr.","Orc Leader","Bolg is the son of Azog the Defiler and takes command of the Orcs after Azog's death."
"Boromir","Which member of the Fellowship of the Ring hails from the city of Gondor?","Lord Of The Rings","Theoden","Shelob","Gondor","Boromir","Boromir is from the city of Gondor."
"The Horn of Boromir","What valuable item, carried by Boromir, is blown as a call for aid before his demise?","Lord Of The Rings","Cloak of Invisibility","Evenstar Pendant","The Horn of Boromir","The Scroll of Isildur","Boromir uses the Horn of Boromir to call for aid."
"Brandy Hall","Which location is known as the main residence of the Brandybuck family, one of the wealthiest and most influential families in the Shire?","Lord Of The Rings","Brandy Hall","The Old Forest","The Barrow-downs","The Bucklebury Ferry","Brandy Hall is a prominent location in the Shire."
"Bree","What is the name of the town where Frodo and his companions, including Aragorn, first meet and stay briefly before embarking on their journey to Rivendell?","Lord Of The Rings","Bree","Buckland","Dagorlad","Emyn Muil","Bree is an important starting point in the story."
"Buckland","What is the name of the region in 'The Lord of the Rings' that lies east of the Shire, known for its wooded landscape and the home of the Brandybuck family, including Merry (Meriadoc Brandybuck)?","Lord Of The Rings","Buckland","Dagorlad","Emyn Muil","Fangorn","Buckland is associated with the Brandybucks."
"Cloak of Invisibility","What magical item, given to Frodo by Galadriel, allows its wearer to become invisible?","Lord Of The Rings","Cloak of Invisibility","Evenstar Pendant","The Horn of Boromir","The Scroll of Isildur","The Cloak of Invisibility makes the wearer invisible."
"Dagorlad","What is the name of the vast, open plain located just outside the Black Gate of Mordor, where the Last Alliance of Elves and Men fought against Sauron's forces?","Lord Of The Rings","Dagorlad","Emyn Muil","Fangorn","Forlindon","Dagorlad is a historic battlefield."
"Dáin Ironfoot","Who ascends to the throne as the King under the Mountain and ruler of Erebor following the passing of Thorin Oakenshield?","Lord Of The Rings","Borin","Thrain II","Durin IV","Gloin III","Dáin Ironfoot assumes leadership in Erebor."
"Dale","Which town located near the Lonely Mountain is rebuilt after the defeat of Smaug?","Lord Of The Rings","Boromir","Theoden","Shelob","Gondor","Dale is rebuilt near the Lonely Mountain."
"Denethor","Who is the Steward of Gondor and father of Boromir and Faramir?","Lord Of The Rings","Balrog","Galadriel","Saruman","Eowyn","Denethor is the Steward of Gondor and the father of Boromir and Faramir."
"Dori","Which Dwarf from Thorin Oakenshield's company is known for his strong sense of responsibility and takes care of the other Dwarves?","Lord Of The Rings","Oin","Nori","Dori","Phial of Galadriel","Dori is responsible and cares for the Dwarves."
"Durin III","Who is the Dwarf King of Khazad-dûm and the third king of Durin's Folk?","Lord Of The Rings","Galadriel's Phial","The Mirror of Galadriel","The Palantir of Orthanc","Durin III","Durin III is the Dwarf King of Khazad-dûm."
"Durin IV","What Dwarf King of Khazad-dûm ruled during the time of Smaug's attack on Erebor?","Lord Of The Rings","The Hobbit","Durin IV","Thrain II","Dáin Ironfoot","Durin IV ruled during that time."
"Durin's Bane","What is the name of the fiery Balrog encountered by the Fellowship of the Ring in the Mines of Moria?","Lord Of The Rings","Boromir","Theoden","Shelob","Gondor","Durin's Bane is the name of the Balrog."
"Dwalin","Which dwarf from Thorin Oakenshield's company is known for his hooded cloak and large war-hammer?","Lord Of The Rings","The Prancing Pony Innkeeper","Glóin","Dwalin","Kili","Dwalin is known for his hooded cloak and war-hammer."
"Eagles","What majestic creatures come to the aid of Frodo and Sam in multiple instances during their journey?","Lord Of The Rings","Uruk-hai","Eagles","Elrond","Radagast the Brown","Eagles come to the aid of Frodo and Sam."
"Elendil","Who is the father of Isildur and Anárion and the last High King of Gondor?","Lord Of The Rings","Elendil","Arwen","Frodo's Journal","Smeagol","Elendil is the father of Isildur and Anárion."
"Elendil's Sword","What is the name of the sword that Aragorn wields, which originally belonged to Elendil, and it is reforged by the Elves and used by Aragorn as the symbol of his claim to the throne of Gondor?","Lord Of The Rings","Elendil's Sword","Isildur's Bane","The Last Debate","The Field of Cormallen","Elendil's Sword is an important weapon."
"Elrond","Who is the Lord of Rivendell and plays a key role in the Council of Elrond?","Lord Of The Rings","Uruk-hai","Eagles","Elrond","Radagast the Brown","Elrond is the Lord of Rivendell and a key figure in the Council of Elrond."
"Emyn Muil","What is the name of the rugged and rocky uplands in 'The Lord of the Rings' that Frodo and Sam traverse after leaving the Fellowship of the Ring and before encountering Gollum?","Lord Of The Rings","Emyn Muil","Fangorn","Forlindon","Goldberry","Emyn Muil is a challenging terrain."
"Eomer","Who is the nephew of King Théoden and leads the Riders of Rohan?","Lord Of The Rings","Balrog","Galadriel","Saruman","Eowyn","Eomer is the nephew of King Théoden and leads the Riders of Rohan."
"Eowyn","Who is the brave shieldmaiden of Rohan who disguises herself as a man to fight in the Battle of Pelennor Fields?","Lord Of The Rings","Balrog","Galadriel","Saruman","Eowyn","Eowyn disguises herself and fights bravely in the Battle of Pelennor Fields."
"Eowyn's Shieldmaiden Armor","What special armor does Éowyn don to disguise herself as a warrior and join the Battle of Pelennor Fields?","Lord Of The Rings","Beorn","Grima Wormtongue","Eowyn's Shieldmaiden Armor","The Mouth of Sauron","Éowyn disguises herself as a warrior with this armor."
"The Sword of Eowyn","What weapon does Eowyn use to defeat the Witch-king of Angmar?","Lord Of The Rings","Gimli's Helmet","The Horn of Helm Hammerhand","Smeagol's Precious","The Sword of Eowyn","Eowyn uses the Sword of Eowyn."
"Erebor","What ancient Dwarf kingdom, also known as the Lonely Mountain, is home to a vast treasure and becomes the focus of the quest?","Lord Of The Rings","The Hobbit","Dale","Erebor","The Arkenstone","Erebor is the Lonely Mountain."
"Fangorn Forest","What ancient forest is the home of the Ents?","Lord Of The Rings","Rivendell","Mordor","Minas Tirith","Hobbiton","Fangorn Forest is the home of the Ents."
"Fangorn","What is the name of the ancient and mysterious forest inhabited by the Ents and their leader Treebeard, where Merry and Pippin find refuge and adventure?","Lord Of The Rings","Fangorn","Forlindon","Goldberry","Gwaihir","Fangorn is a unique forest in Middle-earth."
"Faramir","Who is the younger brother of Boromir and captain of Gondor's Rangers?","Lord Of The Rings","Balrog","Galadriel","Saruman","Eowyn","Faramir is the younger brother of Boromir and captain of Gondor's Rangers."
"Forlindon","What is the name of the coastal region in 'The Lord of the Rings' located in the northwest of Middle-earth, where Círdan the Shipwright's Elven haven of the Grey Havens is situated?","Lord Of The Rings","Forlindon","Goldberry","Gwaihir","Harlindon","Forlindon is a coastal region."
"Lembas Bread","What special Elvish waybread sustains Frodo and Sam during their journey to Mordor?","Lord Of The Rings","Lembas Bread","Isengard","Rohan","Grey Havens","Frodo and Sam are sustained by Lembas Bread."
"Frodo Baggins","Who is the primary protagonist and Ring-bearer?","Lord Of The Rings","Frodo Baggins","Aragorn","Gandalf","Legolas","Frodo Baggins is the primary protagonist and Ring-bearer in the story."
"Elven Rope","What special rope made by the Elves does Frodo carry with him on his journey?","Lord Of The Rings","Gimli's Helmet","Frodo's Mithril Vest","Elven Rope","Galadriel's Mirror","Frodo carries an Elven Rope."
"Mithril Shirt","What precious and lightweight armor does Frodo receive as a gift and wear during his journey?","Lord Of The Rings","Mithril Shirt","Isengard","Rohan","Grey Havens","Frodo receives a Mithril Shirt as a precious and lightweight armor."
"Elven Cloak","What gift does Frodo receive from Galadriel that grants him invisibility?","Lord Of The Rings","Elven Cloak","Isengard","Rohan","Grey Havens","Frodo receives an Elven Cloak that grants him invisibility."
"Phial of Galadriel","What source of light does Frodo use in the dark passages of Shelob's Lair?","Lord Of The Rings","Oin","Nori","Dori","Phial of Galadriel","Frodo uses Galadriel's Phial as a source of light."
"Sting","What is the name of Frodo's Elvish dagger that glows blue in the presence of orcs and goblins?","Lord Of The Rings","The Ringwraiths","The Council of Elrond","Sting","Boromir's Horn","Frodo's Elvish dagger is named Sting."
"Galadhrim","What is the name of the community of elves who reside in the forest of Lothlórien?","Lord Of The Rings","Mithril Shirt","Isengard","Rohan","Grey Havens","Galadhrim is the community of elves in Lothlórien."
"Galadriel","Which powerful and wise elf-lady rules over Lothlórien?","Lord Of The Rings","Balrog","Galadriel","Saruman","Eowyn","Galadriel rules over Lothlórien."
"Galadriel's Mirror","What mystical and reflective basin does Galadriel use to show Frodo visions of the past, present, and future?","Lord Of The Rings","Gimli's Helmet","Frodo's Mithril Vest","Elven Rope","Galadriel's Mirror","Galadriel uses a mystical mirror."
"The Mirror of Galadriel","What mystical object does Galadriel use to show Frodo and Sam visions of past, present, and future events?","Lord Of The Rings","Oin","Nori","Dori","The Mirror of Galadriel","Galadriel uses the Mirror of Galadriel."
"Gandalf the White","What is Gandalf's enhanced title and appearance after his return from death?","Lord Of The Rings","Gandalf the Grey","Gandalf the White","Galadriel","Saruman","Gandalf becomes Gandalf the White after his return from death."
"The Balrog of Moria","What formidable and fiery demon does Gandalf confront in the depths of Moria?","Lord Of The Rings","Ulmo","Valinor","The Watcher in the Water","The Balrog of Moria","Gandalf confronts the Balrog in Moria."
"Balrog","What fiery and fearsome creature does Gandalf confront in the Mines of Moria?","Lord Of The Rings","Balrog","Galadriel","Saruman","Eowyn","Gandalf confronts the Balrog in the Mines of Moria."
"Gandalf the Grey","What is the original name and title of the wizard who guides and supports the Fellowship?","Lord Of The Rings","Gandalf the Grey","Gandalf the White","Galadriel","Saruman","Gandalf the Grey is the original name and title of the wizard."
"Gandalf's Staff","What powerful magical staff is wielded by Gandalf the Grey, one of the Istari wizards?","Lord Of The Rings","Gimli's Helmet","The Horn of Helm Hammerhand","Smeagol's Precious","Gandalf's Staff","Gandalf wields a powerful staff."
"Gimli","Who is the dwarf warrior and member of the Fellowship of the Ring?","Lord Of The Rings","Frodo Baggins","Aragorn","Gandalf","Legolas","Gimli is the dwarf warrior and member of the Fellowship."
"Glamdring","What is the name of Gandalf's sword, which is also known as the Foe-hammer?","Lord Of The Rings","Ulmo","Sting","Glamdring","Orcrist","Glamdring is Gandalf's sword."
"Glóin","Which member of Thorin Oakenshield's company, and father of Gimli, appears?","Lord Of The Rings","The Prancing Pony Innkeeper","Glóin","Bifur","Bofur","Glóin is a member of Thorin's company."
"Glorfindel","Which powerful elf-lord aids Frodo and his companions during their journey?","Lord Of The Rings","Balrog","Galadriel","Saruman","Eowyn","Glorfindel is a powerful elf-lord who aids Frodo and his companions."
"Goldberry","Who is the enigmatic and ethereal character known as the River-woman's daughter, residing in the house of Tom Bombadil near the Withywindle River?","Lord Of The Rings","Goldberry","Gwaihir","Harlindon","Hollin","Goldberry' is associated with Tom Bombadil."
"Gollum","What is the alternate identity of the character Sméagol after being corrupted by the One Ring?","Lord Of The Rings","Rivendell","Gollum","Minas Tirith","Hobbiton","Gollum is the alternate identity of Sméagol after being corrupted by the One Ring."
"Smeagol's Precious","What term does Gollum often use to refer to the One Ring?","Lord Of The Rings","Gimli's Helmet","The Horn of Helm Hammerhand","Smeagol's Precious","The Sword of Elendil","Gollum often calls the One Ring his precious."
"Gondor","What powerful realm is known as the 'White City' and is under the rule of the Stewards?","Lord Of The Rings","Boromir","Theoden","Shelob","Gondor","Gondor is the 'White City' under the rule of the Stewards."
"Grey Havens","What is the port city where elves depart Middle-earth to the Undying Lands?","Lord Of The Rings","Mithril Shirt","Isengard","Rohan","Grey Havens","Grey Havens is the port city where elves depart to the Undying Lands."
"Grima Wormtongue","Which advisor to King Théoden is revealed as a spy and agent of Saruman?","Lord Of The Rings","Beorn","Grima Wormtongue","Eowyn's Shieldmaiden Armor","The Mouth of Sauron","Grima Wormtongue is the spy and advisor to King Théoden."
"Gwaihir the Windlord","Which majestic eagle rescues Gandalf from the pinnacle of Orthanc?","Lord Of The Rings","Balrog","Galadriel","Saruman","Eowyn","Gwaihir the Windlord rescues Gandalf from Orthanc's pinnacle."
"Gwaihir","What is the name of the Lord of the Eagles, a giant eagle who aids Gandalf and rescues Frodo and Sam from Mount Doom in 'The Lord of the Rings'?","Lord Of The Rings","Gwaihir","Harlindon","Hollin","Ithilien","Gwaihir' is a majestic eagle."
"Haldir","Which Elf of Lothlórien plays a significant role in the defense of Helm's Deep alongside the people of Rohan?","Lord Of The Rings","Shadowfax","Haldir","Boromir's Horn","Gimli's Axe","Haldir plays a significant role in the defense of Helm's Deep."
"Harlindon","What is the name of the coastal region in 'The Lord of the Rings' located to the southwest of the Grey Havens, where another Elven haven is situated under the lordship of Círdan?","Lord Of The Rings","Harlindon","Hollin","Ithilien","Quickbeam","Harlindon' is part of Elven territories."
"Helms Deep","Which fortress serves as a crucial defensive point during the Battle of Helm's Deep?","Lord Of The Rings","Helms Deep","Minas Tirith","Rohan","Isengard","Helms Deep is a crucial defensive point during the Battle of Helm's Deep."
"Hobbiton","Which peaceful village is the home of Bilbo and Frodo Baggins?","Lord Of The Rings","Rivendell","Mordor","Minas Tirith","Hobbiton","Hobbiton is the peaceful village where Bilbo and Frodo Baggins live."
"Hollin","What is the name of the ancient land where the Fellowship of the Ring passes through on their journey to and from Moria, and it is known for its tall standing stones, including the Doors of Durin?","Lord Of The Rings","Hollin","Ithilien","Quickbeam","Radagast","Hollin' is a significant location on the journey."
"Homeward Bound","What chapter in 'The Lord of the Rings' describes the journey of the Hobbits as they return to the Shire after their adventures, only to find it changed and in need of their intervention?","Lord Of The Rings","Homeward Bound","The Scouring of the Shire","The Grey Havens","The Last of the Noldor","Homeward Bound' is a significant chapter."
"Imladris","What is the Elvish name for the place commonly known as Rivendell?","Lord Of The Rings","Boromir","Theoden","Shelob","Gondor","Imladris is the Elvish name for Rivendell."
"Isengard","What fortress is initially controlled by Saruman the White?","Lord Of The Rings","Mithril Shirt","Isengard","Rohan","Grey Havens","Isengard is initially controlled by Saruman the White."
"Isildur's Bane","What term is used to refer to the One Ring, especially in the context of its corrupting influence and its ability to control those who possess it?","Lord Of The Rings","Isildur's Bane","Elendil's Sword","The Last Debate","The Field of Cormallen","Isildur's Bane' is a significant concept."
"Ithilien","What is the name of the lush and fertile land in 'The Lord of the Rings' located to the east of Gondor, known for its beautiful gardens and the hidden refuge of Henneth Annûn, where Faramir and his Rangers operate?","Lord Of The Rings","Ithilien","Quickbeam","Radagast","Tharbad","Ithilien' is a strategically important region."
"Khazad-dûm","What ancient dwarven realm lies beneath the Misty Mountains and is known as the Mines of Moria?","Lord Of The Rings","Mithril Shirt","Isengard","Rohan","Grey Havens","Khazad-dûm is the ancient dwarven realm beneath the Misty Mountains."
"Legolas","Which character is renowned for their archery skills and sharp eyesight?","Lord Of The Rings","Frodo Baggins","Aragorn","Gandalf","Legolas","Legolas is renowned for his archery skills and sharp eyesight."
"Lothlórien","Which mystical forest is ruled by Galadriel and Celeborn?","Lord Of The Rings","Rivendell","Mordor","Minas Tirith","Hobbiton","Lothlórien is the mystical forest ruled by Galadriel and Celeborn."
"Many Partings","Which chapter focuses on the farewells and departures of various characters as they go their separate ways after the defeat of Sauron?","Lord Of The Rings","Many Partings","Homeward Bound","The Scouring of the Shire","The Grey Havens","Many Partings' is a chapter of farewells."
"Melkor","Who is the fallen Vala also known as Morgoth and the primary antagonist in 'The Silmarillion'?","Lord Of The Rings","Melkor","Glóin","Bifur","Manwe","Melkor is the fallen Vala and primary antagonist in 'The Silmarillion.'"
"Merry","Which hobbit is known for his love of pipe-weed and gardening in the Shire?","Lord Of The Rings","Frodo Baggins","Aragorn","Gandalf","Legolas","Merry is known for his love of pipe-weed and gardening in the Shire."
"Minas Tirith","What is the capital city of Gondor?","Lord Of The Rings","Rivendell","Mordor","Minas Tirith","Hobbiton","Minas Tirith serves as the capital city of Gondor."
"Mithrandir","What is the Elvish name for Gandalf, one of the Istari wizards, in 'The Silmarillion'?","Lord Of The Rings","Ulmo","Valinor","Narsil","Mithrandir","Mithrandir is the Elvish name for Gandalf."
"Morannon","What is the name of the Black Gate that guards the entrance to Mordor?","Lord Of The Rings","Rivendell","Mordor","Minas Tirith","Hobbiton","Morannon is the Black Gate guarding the entrance to Mordor."
"Mordor","Which land is the primary stronghold of the Dark Lord Sauron?","Lord Of The Rings","Rivendell","Mordor","Minas Tirith","Hobbiton","Mordor is the primary stronghold of the Dark Lord Sauron."
"Mount Doom","To which volcanic mountain does Frodo Baggins journey to destroy the One Ring?","Lord Of The Rings","Rivendell","Mordor","Minas Tirith","Hobbiton","Mount Doom is where Frodo journeys to destroy the One Ring."
"Mount Gundabad","What is the mountain where Azog the Defiler resides and gathers orc armies?","Lord Of The Rings","Boromir","Theoden","Shelob","Gondor","Mount Gundabad is where Azog the Defiler resides."
"Narsil","What is the name of the shattered sword of Elendil, which is reforged into a new blade for Aragorn?","Lord Of The Rings","Ulmo","Valinor","Narsil","Anduril","Narsil is the shattered sword of Elendil."
"Nazgûl","What alternative name is given to the Ringwraiths in 'The Lord of the Rings,' emphasizing their terrifying nature and allegiance to Sauron?","Lord Of The Rings","Nazgûl","The Council of Elrond","The Last Alliance of Elves and Men","Many Partings","Nazgûl' is another name for the Ringwraiths."
"Nori","Among Thorin Oakenshield's company of Dwarves, which one is characterized by his love of mischief and has a reputation for being a thief?","Lord Of The Rings","Oin","Nori","Dori","Phial of Galadriel","Nori is known for mischief and thieving."
"Oin","Which member of Thorin Oakenshield's company of Dwarves is known for his expertise as a fire-maker and for his hearing aid device?","Lord Of The Rings","Oin","Nori","Dori","Phial of Galadriel","Oin is known for fire-making and his hearing aid device."
"Orcrist","What is the name of the sword found by Thorin Oakenshield in a troll-hoard, which he later wields?","Lord Of The Rings","Ulmo","Sting","Glamdring","Orcrist","Orcrist is the sword found by Thorin in 'The Hobbit.'"
"Osgiliath","What city in Gondor serves as a key strategic location and is contested between Gondor and Mordor?","Lord Of The Rings","Boromir","Theoden","Shelob","Gondor","Osgiliath is the contested city in Gondor."
"Pippin","Which hobbit is known for his curiosity and sense of adventure among the Fellowship?","Lord Of The Rings","Frodo Baggins","Aragorn","Gandalf","Legolas","Pippin is known for his curiosity and sense of adventure among the Fellowship."
"Prince Imrahil","Who is the noble leader of the Swan Knights of Dol Amroth and a trusted ally of Gondor in 'The Lord of the Rings'?","Lord Of The Rings","Prince Imrahil","The Horn of Gondor","The Corsairs of Umbar","The Battle of the Pelennor Fields","Prince Imrahil' is a notable character."
"Quickbeam","Who is the gentle and thoughtful Ent, a member of the Ents of Fangorn Forest, known for his slow speech and deep thinking, who befriends Merry and Pippin?","Lord Of The Rings","Quickbeam","Radagast","Tharbad","The Eagles","Quickbeam' is a memorable Ent character."
"Radagast the Brown","Which Istari wizard is known for his affinity with animals and nature?","Lord Of The Rings","Uruk-hai","Eagles","Elrond","Radagast the Brown","Radagast the Brown is known for his connection to nature."
"Radagast","What is the name of one of the Istari, the wizards sent by the Valar to Middle-earth, who has a deep affinity for animals and nature, and is briefly mentioned in 'The Lord of the Rings'?","Lord Of The Rings","Radagast","Tharbad","The Eagles","The Entwives","Radagast is one of the Istari."
"Ringwraiths","What are the terrifying and undead servants of Sauron, formerly men who were corrupted by the Nine Rings, and are also known as the Nazgûl or Black Riders?","Lord Of The Rings","Ringwraiths","Nazgûl","The Council of Elrond","The Last Alliance of Elves and Men","Ringwraiths are Sauron's formidable servants."
"Rivendell","What elven sanctuary serves as a refuge for the Fellowship of the Ring?","Lord Of The Rings","Rivendell","Hobbiton","Minas Tirith","Isengard","Rivendell is the elven sanctuary where the Fellowship finds refuge."
"Rohan","Which land is known for its horse-lords and vast grasslands?","Lord Of The Rings","Mithril Shirt","Isengard","Rohan","Grey Havens","Rohan is known for its horse-lords and grasslands."
"Samwise Gamgee","Who is Frodo's loyal friend and companion on his quest to Mount Doom?","Lord Of The Rings","Frodo Baggins","Aragorn","Gandalf","Legolas","Samwise Gamgee is Frodo's loyal friend and companion."
"Saruman","Which wizard initially joins the White Council but later turns to treachery?","Lord Of The Rings","Balrog","Galadriel","Saruman","Eowyn","Saruman initially joins the White Council but turns to treachery."
"Saruman's Voice","What power does Saruman, one of the Istari wizards, use to influence and control the minds of others?","Lord Of The Rings","Cloak of Invisibility","Evenstar Necklace","Gimli's Battle Axe","Saruman's Voice","Saruman uses his voice to influence and control."
"Sauron","Who is the primary antagonist seeking the One Ring?","Lord Of The Rings","Frodo Baggins","Aragorn","Gandalf","Legolas","Sauron is the main antagonist in pursuit of the One Ring."
"Shadowfax","What is the name of Gandalf's majestic and swiftest steed?","Lord Of The Rings","Shadowfax","Haldir","Boromir's Horn","Gimli's Axe","Shadowfax is Gandalf's majestic steed."
"Shelob","What terrifying creature dwells in Cirith Ungol and poses a threat to Frodo and Sam?","Lord Of The Rings","Boromir","Theoden","Shelob","Gondor","Shelob is the terrifying creature in Cirith Ungol."
"Shire Reckoning","What is the calendar system used in the Shire?","Lord Of The Rings","Boromir","Theoden","Shelob","Gondor","Shire Reckoning is the calendar system used in the Shire."
"Smaug the Dragon","What fearsome and treasure-hoarding creature is the primary antagonist of 'The Hobbit'?","Lord Of The Rings","The Hobbit","Smaug the Dragon","The Battle of Azanulbizar","The Great Goblin","Smaug is the primary antagonist."
"Smeagol","What is the original name of the character who becomes Gollum after being corrupted by the One Ring?","Lord Of The Rings","Elendil","Arwen","Frodo's Journal","Smeagol","Smeagol is the original name of the character who becomes Gollum."
"Sting","What is the name of the small Elvish blade given to Frodo by Bilbo, which glows blue when orcs are nearby?","Lord Of The Rings","Ulmo","Sting","Glamdring","Orcrist","Sting is the small Elvish blade given to Frodo."
"Tharbad","What is the name of the ruined city and river crossing located in the ancient land of Cardolan, which the Fellowship encounters on their journey?","Lord Of The Rings","Tharbad","The Eagles","The Entwives","The Gladden Fields","Tharbad is an ancient city in ruins."
"Battle of Pelennor","What is the name of the pivotal battle in 'The Lord of the Rings' where the forces of Gondor and Rohan unite to defend Minas Tirith against Sauron's armies, including the Witch-king of Angmar and the Haradrim?","Lord Of The Rings","Battle of Pelennor","Beregond","Bill Ferny","Bree","The 'Battle of Pelennor' is a major conflict."
"The Battle of the Pelennor Fields","Which major battle takes place in 'The Lord of the Rings' outside the walls of Minas Tirith, where the combined forces of Gondor and Rohan face Sauron's armies, including the Witch-king of Angmar and the Haradrim?","Lord Of The Rings","The Battle of the Pelennor Fields","The Corsair Ships","The Destruction of the Ring","The Return of the King","The 'Battle of the Pelennor Fields' is a pivotal conflict."
"The Black Serpent of Harad","What is the symbol or emblem that represents the forces of Harad, particularly the Haradrim warriors who fight for Sauron during the Battle of the Pelennor Fields in 'The Lord of the Rings'?","Lord Of The Rings","The Black Serpent of Harad","The Haradrim","Prince Imrahil","The Horn of Gondor","The 'Black Serpent of Harad' is a distinctive symbol."
"The Corsairs of Umbar","Who are the seafaring pirates and mariners from Umbar who serve as allies to Sauron and attack the city of Minas Tirith with their ships during the War of the Ring?","Lord Of The Rings","The Corsairs of Umbar","The Battle of the Pelennor Fields","The Corsair Ships","The Destruction of the Ring","The 'Corsairs of Umbar' are formidable foes."
"The Destruction of the Ring","What event marks the final and ultimate defeat of Sauron, as the One Ring is destroyed in the fires of Mount Doom by Frodo Baggins and the Ring's evil power is vanquished?","Lord Of The Rings","The Destruction of the Ring","The Return of the King","The Grey Havens","The Departure of Frodo","The 'Destruction of the Ring' is a climactic moment."
"The Entwives","What is the name of the lost Ent-women who used to dwell with the male Ents but have disappeared, leading Treebeard and the other Ents to search for them in vain?","Lord Of The Rings","The Entwives","The Gladden Fields","The Trollshaws","The Weather Hills","The 'Entwives' are a mysterious element."
"Grey Company","What is the name of the group of Rangers of the North who accompany Aragorn and aid him in 'The Lord of the Rings,' including Halbarad, as they travel to Gondor during the War of the Ring?","Lord Of The Rings","Grey Company","War of the Ring","Ringwraiths","Nazgûl","The 'Grey Company' is led by Aragorn."
"The Horn of Gondor","What is the name of the horn that Boromir carries as a member of the Fellowship of the Ring, which is blown in a moment of dire need to call for aid during an Orc attack in 'The Lord of the Rings'?","Lord Of The Rings","The Horn of Gondor","The Corsairs of Umbar","The Battle of the Pelennor Fields","The Corsair Ships","The 'Horn of Gondor' is an important item."
"War of the Ring","What is the name of the overarching conflict and series of events which center around the quest to destroy the One Ring and the battles against the forces of Sauron?","Lord Of The Rings","War of the Ring","Ringwraiths","Nazgûl","The Council of Elrond","The 'War of the Ring' is a central theme."
"The Weather Hills","What is the name of the series of low, rolling hills in 'The Lord of the Rings' where the Nazgûl (Ringwraiths) pursue the hobbits Frodo and Aragorn as they journey toward Rivendell?","Lord Of The Rings","The Weather Hills","The Wold","Grey Company","War of the Ring","The 'Weather Hills' are ominous."
"The Wold","What is the name of the open, grassy uplands in Rohan where the Riders of Rohan, led by Éomer, engage in a battle with the forces of Saruman's Uruk-hai?","Lord Of The Rings","The Wold","Grey Company","War of the Ring","Ringwraiths","The 'Wold' is a battlefield."
"The Argonath","What awe-inspiring statues of Isildur and Anárion mark the entrance to Gondor?","Lord Of The Rings","The Argonath","The Battle of Helm's Deep","The Battle of Pelennor Fields","The Battle of the Black Gate","The Argonath statues mark the entrance to Gondor."
"The Battle of Azanulbizar","What significant battle takes place between Dwarves and Orcs in the northern part of the Misty Mountains, where Thorin Oakenshield's grandfather Thror was killed?","Lord Of The Rings","The Battle of Azanulbizar","The Battle of the Five Armies","The Great Smials","Brandy Hall","The Battle of Azanulbizar is a significant battle."
"The Battle of Pelennor Fields","What pivotal battle takes place outside the walls of Minas Tirith?","Lord Of The Rings","The Argonath","The Battle of Helm's Deep","The Battle of Pelennor Fields","The Battle of the Black Gate","The Battle of Pelennor Fields takes place outside Minas Tirith."
"The Battle of the Black Gate","Which climactic battle unfolds at the entrance to Mordor?","Lord Of The Rings","The Argonath","The Battle of Helm's Deep","The Battle of Pelennor Fields","The Battle of the Black Gate","The Battle of the Black Gate occurs at Mordor's entrance."
"The Black Gate","What is the imposing entrance to Mordor, guarded by Sauron's forces?","Lord Of The Rings","Balrog","Galadriel","Saruman","Eowyn","The Black Gate is the entrance to Mordor, guarded by Sauron's forces."
"The Brandywine River","What is the name of the river that marks the western boundary of the Shire in 'The Lord of the Rings,' and it is crossed by Frodo and his companions on their way to Bree?","Lord Of The Rings","The Brandywine River","The Tower of Cirith Ungol","The Morgul Vale","The Land of Shadow","The Brandywine River is a significant boundary."
"The Bridge of Khazad-dûm","What perilous location in the Mines of Moria becomes the site of a dramatic confrontation with a Balrog?","Lord Of The Rings","Cloak of Invisibility","Evenstar Necklace","The Bridge of Khazad-dûm","The Paths of the Dead","The Bridge of Khazad-dûm is the site of the confrontation."
"The Bucklebury Ferry","What is the name of the ferry that Frodo, Sam, Merry, and Pippin use to cross the Brandywine River on their journey out of the Shire in 'The Lord of the Rings'?","Lord Of The Rings","The Bucklebury Ferry","The Old Forest","The Barrow-downs","Tom Bombadil's House","The Bucklebury Ferry is used for their crossing."
"The Corsair Ships","What term is used in 'The Lord of the Rings' to describe the fleet of ships from Umbar that arrives to besiege Gondor, bringing reinforcements to Sauron's forces during the War of the Ring?","Lord Of The Rings","The Corsair Ships","The Destruction of the Ring","The Return of the King","The Grey Havens","The Corsair Ships' are a key element."
"The Crown of Gondor","What ceremonial headpiece represents the kingship of Gondor and is used in the coronation of Aragorn as the King of Gondor?","Lord Of The Rings","Cloak of Invisibility","The Elendilmir","The Crown of Gondor","Radagast's Rabbit Sled","The Crown of Gondor represents the kingship of Gondor."
"The Dead Marshes","What eerie and treacherous wetlands do Frodo and Sam pass through on their journey to Mordor?","Lord Of The Rings","Boromir","Theoden","Shelob","Gondor","The Dead Marshes are the eerie wetlands they pass through."
"The Dead Men of Dunharrow","Who are the spectral and cursed warriors of the Oathbreakers who answer Aragorn's call for aid at the Stone of Erech?","Lord Of The Rings","The Dead Men of Dunharrow","The Black Serpent of Harad","The Haradrim","Prince Imrahil","The Dead Men of Dunharrow' are essential to the story."
"The Destruction of Isengard","What event in 'Lord of the Rings' involves the flooding of the Ents and the destruction of the fortress of Isengard, breaking Saruman's power and leading to his eventual downfall?","Lord Of The Rings","The Destruction of Isengard","The Siege of Minas Tirith","The Witch-king of Angmar","The Battle of the Pelennor Fields","The Destruction of Isengard is a significant event."
"The Eagles","What is the name of the noble and powerful giant eagles who aid various characters throughout 'The Lord of the Rings,' including rescuing Frodo and Sam from Mount Doom?","Lord Of The Rings","The Eagles","The Entwives","The Gladden Fields","The Trollshaws","The Eagles' are significant allies in the story."
"The Elendilmir","What is the name of the legendary white gem that once adorned the helm of the Kings of Arnor and later becomes an heirloom of Aragorn?","Lord Of The Rings","Cloak of Invisibility","The Elendilmir","The Crown of Gondor","Radagast's Rabbit Sled","The Elendilmir is a white gem of the Kings of Arnor."
"The Fellowship of the Ring","What is the name of the group formed to carry the One Ring to Mount Doom and destroy it?","Lord Of The Rings","The Fellowship of the Ring","The Two Towers","The Return of the King","The Silmarillion","The Fellowship of the Ring is the group formed for this purpose."
"The Field of Cormallen","What is the name of the location where the victorious Free Peoples of Middle-earth gather to celebrate their victory over Sauron and his forces following the Battle of the Morannon?","Lord Of The Rings","The Field of Cormallen","The Steward and the King","Many Partings","Homeward Bound","The Field of Cormallen' is a joyful place."
"The Gladden Fields","What is the name of the marshy area in 'The Lord of the Rings' where Isildur lost the One Ring after being ambushed by orcs, and the Ring remained hidden for many centuries until it was found by Gollum?","Lord Of The Rings","The Gladden Fields","The Trollshaws","The Weather Hills","The Wold","The Gladden Fields' have historical significance."
"The Great Goblin","What grotesque and powerful Goblin is the ruler of the Goblin-town in the Misty Mountains?","Lord Of The Rings","The Hobbit","The Battle of Azanulbizar","The Great Goblin","Bolg","The Great Goblin rules Goblin-town."
"The Great River","What is the river that flows through the heart of Gondor and serves as a key route for the Fellowship?","Lord Of The Rings","Mithril Shirt","Isengard","Rohan","Grey Havens","The Great River flows through Gondor and is a key route for the Fellowship."
"The Grey Havens","Where do Frodo, Gandalf, Bilbo, and many Elves depart to from the shores of Middle-earth at the end of 'The Lord of the Rings,' leaving behind their mortal lives and sailing to a land across the sea?","Lord Of The Rings","The Grey Havens","The Departure of Frodo","The Red Book of Westmarch","The Shire Reckoning","The Grey Havens' is the departing place."
"The Haradrim","What is the collective name for the people and warriors from the lands of Harad who ally with Sauron and take part in the conflict against Gondor and the Free Peoples of Middle-earth?","Lord Of The Rings","The Haradrim","Prince Imrahil","The Horn of Gondor","The Corsairs of Umbar","The Haradrim are significant adversaries."
"The Hobbit","Which novel by J.R.R. Tolkien serves as a prequel to 'The Lord of the Rings' and tells the story of Bilbo Baggins' adventures with a group of Dwarves?","Lord Of The Rings","The Hobbit","Durin IV","Thrain II","Dáin Ironfoot","The Hobbit' serves as a prequel to 'The Lord of the Rings.'"
"The Horn of Helm Hammerhand","What powerful horn associated with the King of Rohan is sounded in 'Lord of the Rings' during the Battle of Helm's Deep?","Lord Of The Rings","Gimli's Helmet","The Horn of Helm Hammerhand","Smeagol's Precious","The Sword of Elendil","The Horn of Helm Hammerhand is sounded at Helm's Deep."
"The Land of Shadow","What is the name of the region in Mordor where Mount Doom is located, and it serves as the final destination of Frodo and Sam on their quest to destroy the One Ring?","Lord Of The Rings","The Land of Shadow","The Morgul Vale","The Tower of Cirith Ungol","The Field of Cormallen","The Land of Shadow is a pivotal location."
"The Last Debate","Which chapter in 'The Lord of the Rings' depicts a discussion among the leaders of the Free Peoples of Middle-earth as they decide how to address the threat of Sauron and his armies before the final battle?","Lord Of The Rings","The Last Debate","Elendil's Sword","Isildur's Bane","The Field of Cormallen","The Last Debate' is a pivotal chapter."
"The Last Homely House","What is the Elvish name for Rivendell?","Lord Of The Rings","Mithril Shirt","Isengard","Rohan","Grey Havens","The Last Homely House is the Elvish name for Rivendell."
"The Last of the Noldor","Which chapter is primarily about the departure of the Elves from Middle-earth, marking the end of their presence in the land?","Lord Of The Rings","The Last of the Noldor","Elendil's Sword","Isildur's Bane","The Last Debate","The Last of the Noldor' is a significant chapter."
"The Lonely Mountain","What is the alternative name for Erebor, the dwarf kingdom where Smaug hoards treasure?","Lord Of The Rings","Boromir","Theoden","Shelob","Gondor","The Lonely Mountain is an alternative name for Erebor."
"The Morgul Vale","What sinister location in 'The Lord of the Rings' is associated with the Nazgûl and is the setting for Frodo's encounter with the Witch-king and his confrontation with Shelob?","Lord Of The Rings","The Morgul Vale","The Tower of Cirith Ungol","The Land of Shadow","The Field of Cormallen","The Morgul Vale is a dangerous place in Mordor."
"The Mouth of Sauron","Who is the dark emissary of Sauron who delivers his terms to the Captains of the West before the Battle of the Black Gate?","Lord Of The Rings","Beorn","Grima Wormtongue","Eowyn's Shieldmaiden Armor","The Mouth of Sauron","The Mouth of Sauron delivers Sauron's terms."
"The Old Forest","Which forest in 'The Lord of the Rings' is described as ancient, mysterious, and potentially dangerous, home to Tom Bombadil and the site of Frodo and his companions' encounter with Old Man Willow?","Lord Of The Rings","The Old Forest","The Barrow-downs","The Bucklebury Ferry","Tom Bombadil's House","The Old Forest is a significant location in the story."
"The One Ring","What powerful artifact is the central focus of the entire plot?","Lord Of The Rings","Balrog","Galadriel","Saruman","Eowyn","The One Ring is the central focus of the story."
"The Prancing Pony","What is the name of the inn in Bree where Frodo, Sam, Merry, and Pippin meet Strider (Aragorn)?","Lord Of The Rings","Balrog","Galadriel","Saruman","Eowyn","The Prancing Pony is the inn where they meet Strider (Aragorn)."
"The Red Arrow","What is the name of the token that Denethor, the Steward of Gondor, receives from Boromir to request aid from Rohan in the form of reinforcements?","Lord Of The Rings","The Red Arrow","The Stone of Erech","The Dead Men of Dunharrow","The Black Serpent of Harad","The Red Arrow' is a significant token."
"The Red Book of Westmarch","What is the name of the book that Bilbo and Frodo write and compile their adventures and experiences?","Lord Of The Rings","Galadriel's Phial","The Mirror of Galadriel","The Palantir of Orthanc","The Red Book of Westmarch","The Red Book records their adventures."
"The Return of the King","Which book in J.R.R. Tolkien's trilogy chronicles the final stages of the War of the Ring and the crowning of Aragorn?","Lord Of The Rings","The Fellowship of the Ring","The Two Towers","The Return of the King","The Silmarillion","The Return of the King chronicles these events."
"The Ride of the Rohirrim","What heroic and stirring charge by the Riders of Rohan, led by King Théoden, occurs during the Battle of the Pelennor Fields?","Lord Of The Rings","The Destruction of Isengard","The Siege of Minas Tirith","The Witch-king of Angmar","The Battle of the Pelennor Fields","The Ride of the Rohirrim is a heroic charge."
"The Ringwraiths","What menacing and Nazgûl-riders are servants of Sauron and relentlessly hunt for the One Ring?","Lord Of The Rings","The Ringwraiths","The Council of Elrond","String","Boromir's Horn","The Ringwraiths are menacing servants of Sauron."
"The Scouring of the Shire","What event involves the Hobbits returning to the Shire, only to discover that it has been taken over by ruffians and corrupted by the influence of Lotho Sackville-Baggins and Saruman?","Lord Of The Rings","The Scouring of the Shire","The Grey Havens","The Last of the Noldor","Elendil's Sword","The Scouring of the Shire' is a pivotal event."
"The Shards of Narsil","What remains of the once-mighty sword Narsil after its breaking?","Lord Of The Rings","Gimli's Helmet","The Shards of Narsil","The Arkenstone","Gandalf's Staff","The Shards of Narsil are what remains of the sword."
"The Shire","Where is the homeland of the hobbits, including Frodo and Sam?","Lord Of The Rings","Rivendell","Mordor","Minas Tirith","Hobbiton","The Shire is the homeland of the hobbits."
"The Siege of Minas Tirith","What critical battle and siege takes place Where the forces of Gondor and Rohan defend the city of Minas Tirith against the overwhelming might of Sauron's armies?","Lord Of The Rings","The Destruction of Isengard","The Siege of Minas Tirith","The Witch-king of Angmar","The Battle of the Pelennor Fields","The Siege of Minas Tirith is a crucial battle."
"The Silmarillion","What collection of stories and mythos provides a detailed history of Middle-earth and its creation by Eru Ilúvatar?","Lord Of The Rings","The Fellowship of the Ring","The Two Towers","The Return of the King","The Silmarillion","The Silmarillion provides a detailed history of Middle-earth."
"The Steward and the King","What chapter in 'The Lord of the Rings' describes Aragorn's return to Gondor, his reunion with Arwen, and his coronation as King Elessar Telcontar?","Lord Of The Rings","The Steward and the King","Many Partings","Homeward Bound","The Scouring of the Shire","The Steward and the King' is a momentous chapter."
"The Stone of Erech","What is the name of the ominous stone or hill in 'The Lord of the Rings' that serves as the gathering place for the Dead Men of Dunharrow, whom Aragorn calls upon to fulfill their oath and aid in the War of the Ring?","Lord Of The Rings","The Stone of Erech","The Dead Men of Dunharrow","The Black Serpent of Harad","The Haradrim","The Stone of Erech' plays a crucial role."
"The Sword of Elendil","What is the original name of the sword Narsil, which belonged to Isildur and later became Anduril?","Lord Of The Rings","Gimli's Helmet","The Sword of Elendil","The Sword of Isildur","The Sword of Theoden","The Sword of Elendil is the original name of Narsil."
"The Sword of Isildur","What is the name of the sword that Isildur used to cut the One Ring from Sauron's finger?","Lord Of The Rings","Gimli's Helmet","The Sword of Elendil","The Sword of Isildur","The Sword of Theoden","The Sword of Isildur cut the One Ring."
"The Sword of Theoden","Which sword, reforged from the shards of Narsil, is wielded by King Theoden of Rohan?","Lord Of The Rings","Gimli's Helmet","The Horn of Helm Hammerhand","Smeagol's Precious","The Sword of Theoden","The Sword of Theoden is reforged from Narsil."
"The Tower of Cirith Ungol","What is the name of the tower located in Mordor, where Frodo and Sam are captured and Frodo is temporarily held captive before being rescued by Sam?","Lord Of The Rings","The Tower of Cirith Ungol","The Morgul Vale","The Land of Shadow","The Field of Cormallen","The Tower of Cirith Ungol is a perilous location."
"The Trollshaws","What is the name of the wooded and hilly region located east of Rivendell, where the Fellowship encounters trolls and where the hidden valley of Imladris (Rivendell) is found?","Lord Of The Rings","The Trollshaws","The Weather Hills","The Wold","Grey Company","The Trollshaws' is near Rivendell."
"The Two Towers","Which book in J.R.R. Tolkien's trilogy is named after the pair of tall structures in the land of Gondor?","Lord Of The Rings","The Fellowship of the Ring","The Two Towers","The Return of the King","The Silmarillion","The Two Towers is named after the structures in Gondor."
"The Watcher in the Water","What mysterious and tentacled creature guards the entrance to the Mines of Moria and attacks the Fellowship?","Lord Of The Rings","Ulmo","Valinor","The Watcher in the Water","The Balrog of Moria","The Watcher guards the entrance to Moria."
"The White Tree of Gondor","What ancient and revered symbol of Gondor is kept in the court of Minas Tirith and represents the line of kings?","Lord Of The Rings","Galadriel's Phial","The Mirror of Galadriel","The Palantir of Orthanc","The White Tree of Gondor","The White Tree symbolizes the line of kings in Gondor."
"The Witch-king of Angmar","Who is the leader of the Ringwraiths and chief servant of Sauron?","Lord Of The Rings","Balrog","Galadriel","Saruman","Eowyn","The Witch-king of Angmar is the leader of the Ringwraiths."
"Theoden's Golden Hall","What is the grand hall in Meduseld, the royal palace of Rohan, where King Théoden holds court?","Lord Of The Rings","Galadriel's Phial","The Mirror of Galadriel","The Palantir of Orthanc","Theoden's Golden Hall","Theoden holds court in Theoden's Golden Hall."
"Theoden","Who is the King of Rohan during the events of 'Lord of the Rings'?","Lord Of The Rings","Boromir","Theoden","Shelob","Gondor","Theoden is the King of Rohan during the story."
"Théodred","Who is the son of King Théoden and falls in battle during the War of the Ring?","Lord Of The Rings","Galadriel's Phial","The Mirror of Galadriel","The Palantir of Orthanc","Théodred","Théodred is the son of King Théoden."
"Thrain II","Which Dwarf, Thorin Oakenshield's father, was imprisoned by the Necromancer in Dol Guldur before he went missing?","Lord Of The Rings","The Hobbit","Durin IV","Thrain II","Dáin Ironfoot","Thrain II was imprisoned and went missing."
"Thrain","Who is the father of Thorin Oakenshield and the King of Durin's Folk before his disappearance?","Lord Of The Rings","The Prancing Pony Innkeeper","Glóin","Bifur","Thrain","Thrain is the father of Thorin Oakenshield."
"Thranduil's Crown","What valuable treasure does Thranduil, the Elven King of Mirkwood, demand as a share of the treasure from Thorin's company?","Lord Of The Rings","The Hobbit","Thranduil's Crown","Smaug the Dragon","The Arkenstone","Thranduil demands a share, including his crown."
"Thranduil","Who is the Elvenking and ruler of the Woodland Realm?","Lord Of The Rings","Boromir","Theoden","Shelob","Gondor","Thranduil is the Elvenking of the Woodland Realm."
"Tom Bombadil","Which enigmatic and merry character rescues the hobbits from the Old Forest?","Lord Of The Rings","Balrog","Galadriel","Saruman","Eowyn","Tom Bombadil rescues the hobbits from the Old Forest."
"Treebeard","Which ancient and wise Ent is the guardian of Fangorn Forest?","Lord Of The Rings","Balrog","Galadriel","Saruman","Eowyn","Treebeard is the guardian of Fangorn Forest."
"Treebeard's Ent-draught","What rejuvenating drink, offered to Merry and Pippin by Treebeard the Ent, causes them to grow taller and stronger?","Lord Of The Rings","Oin","Nori","Dori","Treebeard's Ent-draught","Treebeard offers them an Ent-draught."
"Ulmo","Which Valar is associated with water and is the Lord of Waters in 'The Silmarillion'?","Lord Of The Rings","Ulmo","Valinor","Narsil","Anduril","Ulmo is the Valar associated with water."
"Uruk-hai","What fearsome breed of orc are created by Saruman and serve as his army?","Lord Of The Rings","Uruk-hai","Eagles","Elrond","Radagast the Brown","Uruk-hai are the fearsome orcs created by Saruman."
"Valinor","What is the name of the Undying Lands where the Valar and the Eldar dwell in 'The Silmarillion'?","Lord Of The Rings","Ulmo","Valinor","Narsil","Anduril","Valinor is the Undying Lands of the Valar and Eldar."
"Varda","Which Valar is also known as Elbereth and is associated with the stars and light in 'The Silmarillion'?","Lord Of The Rings","Varda","Glóin","Bifur","Yavanna","Varda is also known as Elbereth and associated with stars and light."
"Yavanna","Which Valar is responsible for the creation of plants and is often associated with nature in 'The Silmarillion'?","Lord Of The Rings","Varda","Glóin","Bifur","Yavanna","Yavanna is a Valar associated with nature in 'The Silmarillion.'"
"Fili","Which dwarf from Thorin Oakenshield's company is the brother of Kili and known for his fair hair?","Lord Of The Rings","Yavanna","Kili","Fili","Balimund","Fili is the brother of Kili and known for his fair hair."
"Kili","Which young dwarf from Thorin Oakenshield's company has a close relationship with his brother Fili?","Lord Of The Rings","Yavanna","Kili","Fili","Balimund","Kili has a close relationship with his brother Fili."
"The Battle of Dale","What climactic battle takes place as part of the conflict involving the Men of Dale, Elves, Dwarves, and Orcs?","Lord Of The Rings","The Battle of Helm's Deep","The Battle of the Hornburg","The Battle of Azanulbizar","The Battle of Dale","The Battle of Dale was a climactic conflict that took place in the vicinity of Dale, involving the Men of Dale, Elves, Dwarves, and Orcs."
"The White Council","What council of powerful beings, including wizards and Elves, forms to oppose the growing power of Sauron?","Lord Of The Rings","The Watcher in the Water","The Ford of Bruinen","The White Council","The Nazgûl","The White Council was a powerful assembly of beings, including wizards and Elves, formed to oppose Sauron and his growing power."
"The Barrow-downs","What eerie and ancient burial mounds pose a danger to Frodo and his companions as they journey through the Old Forest?","Lord Of The Rings","Dol Guldur","Mirkwood","The Barrow-downs","The Dead Marshes","The Barrow-downs are eerie and ancient burial mounds that pose a danger to Frodo and his companions as they journey through the Old Forest."
"The Paths of the Dead","What eerie and haunted passageways in the White Mountains are traversed by Aragorn and the Grey Company?","Lord Of The Rings","Dol Guldur","Cirith Ungol","The Bridge of Khazad-dûm","The Paths of the Dead","The Paths of the Dead are eerie and haunted passageways located in the White Mountains. Aragorn and the Grey Company traverse these eerie paths, seeking to fulfill an ancient oath and enlist the spectral Dead Men of Dunharrow in the war against Sauron."
"The Battle of Helm's Deep","What epic battle occurs between the people of Rohan and Saruman's Uruk-hai forces, culminating in a dramatic victory for the defenders of Rohan?","Lord Of The Rings","The Battle of Azanulbizar","The Battle of the Five Armies","The Great Smials","The Battle of Helm's Deep","The Battle of Helm's Deep is a major conflict."
"The Fall of Sauron","What event marks the ultimate defeat of The Dark Lord and the destruction of the One Ring, leading to the end of the War of the Ring?","Lord Of The Rings","The Destruction of Isengard","The Siege of Minas Tirith","The Battle of Helm's Deep","The Fall of Sauron","In the climactic culmination of the War of the Ring, The Fall of Sauron marked The Dark Lord's defeat, bringing an end to his malevolent reign and the destruction of the One Ring, which marked a pivotal moment in the history of Middle-earth."
"The Last Alliance of Elves and Men","What historic alliance was formed to combat the Dark Lord Sauron at the end of the Second Age?","Lord Of The Rings","The Fellowship of the Ring","The White Council","The Free Peoples of Middle-earth","The Last Alliance of Elves and Men","The Last Alliance of Elves and Men was a historic alliance that was formed between Elves and Men to combat the Dark Lord Sauron at the end of the Second Age."
"Michel Delving","What is the chief town and capital of the Shire, known for its imposing white stone buildings?","Lord Of The Rings","Hobbiton","Buckland","Tuckborough","Michel Delving","Michel Delving was the chief town of the Shire. It was located in the White Downs that lay within the Westfarthing on the East Road. Although located within a hilly region the town had many above-ground houses of wood, brick, or stone."
"The Great Smials","What is the name of one of the two main residences of the prominent Took family in the Shire, known for their adventurous spirit?","Lord Of The Rings","The Destruction of Isengard","The Siege of Minas Tirith","The Witch-king of Angmar","The Great Smials","The Great Smials is a Took residence."
"The Battle of the Hornburg","What is the name of the epic battle that takes place at the fortress of Helm's Deep Where the people of Rohan face a massive Uruk-hai assault?","Lord Of The Rings","The Battle of Azanulbizar","The Battle of the Five Armies","The Great Smials","The Battle of the Hornburg","The Battle of the Hornburg is a significant battle."
"The Hornburg","What is the name of the fortress of Rohan, also known as Helm's Deep, which serves as a stronghold against the forces of Saruman and later Sauron?","Lord Of The Rings","Minas Tirith","Caras Galadhon","Osgiliath","The Hornburg","The Hornburg, also called Helm's Deep, was a strategically located fortress in Rohan, known for its pivotal role in a heroic defense against Saruman's Uruk-hai forces."
"The War of The Ring","What is the overarching conflict between the forces of good, led by the Free Peoples of Middle-earth, and the forces of evil, led by Sauron and his allies?","Lord Of The Rings","The Battle of the Last Alliance","The War of the Ring","The Battle of Bywater","The Battle of the Five Armies","The War of The Ring is the overarching conflict."
"The Key to Erebor","What item, used by Thorin Oakenshield's company to enter the Lonely Mountain, is instrumental in opening the secret door to Erebor?","Lord Of The Rings","Cloak of Invisibility","Evenstar Pendant","The Horn of Boromir","The Key to Erebor","The Key to Erebor is used to open the secret door to Erebor."
"Barrow-wights","What malevolent spirits or creatures attack Frodo, Sam, Merry, and Pippin in the Barrow-downs?","Lord Of The Rings","Valar","Maiar","Nazgûl","Barrow-wights","Barrow-wights are malevolent spirits or wraiths that inhabit ancient burial mounds in the Barrow-downs near the Old Forest. They pose a significant danger to travelers, particularly to Frodo and his companions, using their powers to ensnare and terrify those who venture too close."
"The Siege of Gondor","What pivotal event involves the city of Gondor facing a massive assault by the forces of Mordor, including the Witch-king of Angmar, during the War of the Ring?","Lord Of The Rings","The Battle of Azanulbizar","The Battle of the Five Armies","The Great Smials","The Siege of Gondor ","The Siege of Gondor is a crucial event."
"The Palantir of Minas Tirith","What powerful and ancient seeing stone does Denethor, the Steward of Gondor, employ to establish communication with others?","Lord Of The Rings","Cloak of Invisibility","The Phial of Galadriel","Andúril","The Palantir of Minas Tirith","The Palantir of Minas Tirith is a powerful seeing stone."
"The Palantir of Orthanc","What powerful and ancient seeing-stone, used by Saruman the White, is kept in the tower of Orthanc in Isengard?","Lord Of The Rings","Narsil","The Horn of Boromir","The Evenstar Pendant","The Palantir of Orthanc","The Palantir of Orthanc is a potent artifact."
"The Arkenstone","What fabled and priceless gem, the 'Heart of the Mountain', lies within the ancient halls of Erebor and plays a central role in The Battle of the Five Armies?","Lord Of The Rings","The Hobbit","Narsil","Andúril","The Palantíri","The Arkenstone","The Arkenstone is a legendary and radiant gem, often referred to as the 'Heart of the Mountain'. It becomes a focal point of greed and conflict as various parties, including Thorin Oakenshield and the rivaling factions in The Battle of the Five Armies, vie for its possession."
"The Battle of the Five Armies","What significant conflict involving Dwarves, Elves, Men, and Goblins takes place near the Lonely Mountain?","Lord Of The Rings","The Battle of Dale","The Battle of Bywater","The Siege of Gondor","The Battle of the Five Armies","TThe Battle of the Five Armies is a pivotal battle near the Lonely Mountain. The conflict erupts due to the tension over the vast wealth within the mountain and escalates as different factions vie for control."
"Bard","Which formidable warrior, distinguished for their exceptional archery and originating from Lake-town, plays a pivotal role in the defeat of Smaug during the Battle of the Five Armies?","Lord Of The Rings","Legolas","Thorin","Dori","Bard","Bard is a skilled warrior and archer hailing from Lake-town who emerges as a central figure in the Battle of the Five Armies by successfully slaying the fearsome dragon, Smaug. He later plays a key role in the political and military events following the battle, particularly in his interactions with the other factions involved."
"Tuckborough","Which village in the Westfarthing of the Shire is known for its picturesque location near the Brandywine River and is home to the Tooks and the Great Smials?","Lord Of The Rings","Bywater","Buckland","Hobbiton","Tuckborough","Tuckborough is a picturesque village located near the Brandywine River in the Westfarthing of the Shire. It is known for being the home of the Tooks and the Great Smials, reflecting the adventurous spirit of its residents."
"Thorin Oakenshield","Who is the leader of the company of Dwarves on a quest to reclaim the Lonely Mountain and its treasure?","Lord Of The Rings","Bilbo Baggins","Bombur","Gandalf the Grey","Thorin Oakenshield","horin Oakenshield serves as the valiant leader of a company of dwarves on a quest to reclaim the Lonely Mountain from the dragon Smaug and restore their people's lost kingdom and treasure, but his unyielding pursuit of riches ultimately leads to his downfall."
"The Battle of Bywater","In which final conflict of the War of the Ring do Hobbits, led by Merry and Pippin, face and defeat the ruffians who have taken control of the Shire?","Lord Of The Rings","The Battle of the Pelennor Fields","The Battle of the Black Gate","The Siege of Gondor","The Battle of Bywater","In the Battle of Bywater, the Hobbits, led by Merry and Pippin, engaged in a final conflict against the ruffians who had taken control of the Shire. This decisive battle marked the end of the War of the Ring in the Shire and resulted in the defeat of the oppressive forces that had seized power in their homeland."
"The Council of Elrond","In which gathering of Free Peoples of Middle-earth is the fate of the One Ring decided, leading to the formation of the Fellowship of the Ring?","Lord Of The Rings","The Kingdom of Gondor","The Court of Rohan","The Council of Elrond","The Quendi","The Council of Elrond was a pivotal gathering of Free Peoples of Middle-earth, during which the fate of the One Ring was decided, ultimately leading to the formation of the Fellowship of the Ring."